{"location":[56.0848423,40.2099556],"num":1}