{"location":[43.4600515,40.5200597],"num":1}