{"location":[64.494975575,10.816096400000001],"num":4}