{"location":[63.860759099999996,10.458364249999999],"num":2}