{"location":[63.41448848235294,10.40521804117647],"num":17}