{"location":[61.00012021428572,10.614793528571429],"num":7}