{"location":[59.8943938802817,10.711249349295773],"num":71}