{"location":[59.161274,10.598938200000001],"num":8}