{"location":[57.4485698,10.5076748],"num":1}