{"location":[56.259381250000004,10.14486544],"num":10}