{"location":[55.322521275,10.472613975],"num":4}