{"location":[54.38853547499999,10.331392108333334],"num":12}