{"location":[53.636884191666674,10.097533958333335],"num":24}