{"location":[52.86173955000001,10.4806484],"num":6}