{"location":[51.90687025555556,10.481322829861107],"num":144}