{"location":[51.144773476595745,10.396731360638299],"num":94}