{"location":[50.26224931228069,10.903183069005848],"num":171}