{"location":[49.670610824242424,11.090226819696971],"num":66}