{"location":[48.610671562352934,10.626930970588235],"num":85}