{"location":[45.82652628780491,10.660619680675435],"num":533}