{"location":[43.92515493246753,10.40885497142857],"num":77}