{"location":[42.8232431548387,10.864092641935486],"num":31}