{"location":[36.0893857,120.4337326],"num":1}