{"location":[31.6176006,120.28367349999999],"num":2}