{"location":[30.311323,120.3318327],"num":1}