{"location":[29.4198716,120.8720763],"num":1}