{"location":[28.7047082,120.5673489],"num":1}