{"location":[24.5565554,120.7530961],"num":1}