{"location":[22.646540299999998,120.3114988],"num":2}