{"location":[16.40657176666667,120.59655886666667],"num":3}