{"location":[15.4972835,120.389072],"num":1}