{"location":[14.8288444,120.2781147],"num":1}