{"location":[-37.398482655555554,-59.200344744444436],"num":9}