{"location":[24.3321756,118.0624932],"num":1}