{"location":[35.03147345,32.539049225],"num":4}