{"location":[34.7824087,32.4240485],"num":1}