{"location":[22.8016875,108.4088853],"num":1}