{"location":[-7.3679178,108.5353909],"num":1}