{"location":[44.35201845,-86.21890695],"num":2}