{"location":[43.4430593,-86.2128431],"num":1}