{"location":[41.6484104,-86.0075037],"num":2}