{"location":[39.92954,-86.2383273],"num":1}