{"location":[39.7387293,-86.2328817],"num":1}