{"location":[36.319053,-86.45955886666665],"num":3}