{"location":[35.84989975,-86.39192965000001],"num":2}