{"location":[47.3644723,-91.844905],"num":2}