{"location":[46.130649266666666,-91.26243036666666],"num":3}