{"location":[44.15440793928571,-91.27382948214287],"num":28}