{"location":[42.72338010588235,-91.13173438235292],"num":17}