{"location":[39.74422345,-91.775571925],"num":4}