{"location":[34.91316025,-91.2218119],"num":2}