{"location":[50.0331957,-125.2724662],"num":1}