{"location":[25.437722,106.325317525],"num":4}