{"location":[10.792590466666667,106.71432646666666],"num":3}