{"location":[-6.28055248,106.67447485999999],"num":5}