{"location":[56.904315887500005,59.23594245000001],"num":16}