{"location":[53.67369537222223,55.41628956666668],"num":18}