{"location":[31.1204404244898,52.885472006122434],"num":49}