{"location":[-21.03469600714286,55.470905942857144],"num":14}