{"location":[-42.799749075,147.09447425],"num":4}