{"location":[-35.11368185818181,146.19742182227267],"num":220}