{"location":[30.497942085714282,104.12054008571428],"num":7}