{"location":[25.136373141666663,103.20608144583336],"num":24}