{"location":[19.243359974285713,104.82807836571428],"num":35}