{"location":[12.902258999999999,104.12634075],"num":4}