{"location":[1.883321470967742,103.17678617419358],"num":62}