{"location":[42.9814365,140.5163162],"num":1}