{"location":[37.7222933,140.3650166],"num":1}