{"location":[36.1917192,140.30580835],"num":2}