{"location":[35.773346,140.02125043333334],"num":3}