{"location":[36.0870377,136.2320883],"num":1}