{"location":[35.94151865,136.24237405],"num":2}