{"location":[35.000247,135.7516044],"num":1}