{"location":[30.936266699999997,103.4127395],"num":2}