{"location":[30.482879099999998,103.67571815],"num":2}