{"location":[4.7695487,103.4177627],"num":1}