{"location":[1.4418486,103.8248492],"num":1}