{"location":[-0.3075352,103.1595032],"num":1}