{"location":[51.19675122222222,-116.04461857777778],"num":9}