{"location":[49.535890200000004,-117.03713525],"num":4}