{"location":[47.69161526666667,-117.2071143],"num":3}