{"location":[46.01566605,-116.33009425555558],"num":18}