{"location":[43.96094325,-116.268247375],"num":4}