{"location":[36.763377166666665,-117.47741753333332],"num":3}