{"location":[35.64374246910566,-115.99840506138216],"num":246}