{"location":[33.889221383038866,-116.4103298187279],"num":283}