{"location":[32.3748004,34.893778675],"num":8}