{"location":[31.83307706,34.96305416],"num":5}