{"location":[28.609301942857147,34.45443073809523],"num":21}