{"location":[61.8576094,34.29829205],"num":2}