{"location":[50.8969758,34.7974029],"num":1}