{"location":[47.872208,35.0757138],"num":1}