{"location":[44.58255832500001,34.01682946111112],"num":36}