{"location":[62.743673400000006,7.1955288500000005],"num":2}