{"location":[62.54633605,7.6445519],"num":2}