{"location":[61.4909851,7.5990733],"num":1}