{"location":[59.2331338,7.5007867],"num":2}