{"location":[59.09422169615384,7.462178165384616],"num":26}