{"location":[58.1343323,7.0639944],"num":1}