{"location":[58.0190573,7.4601971],"num":2}