{"location":[53.7693474,7.7031243],"num":1}