{"location":[53.4808683,7.4882842],"num":1}