{"location":[52.8479085,7.6610869],"num":1}