{"location":[52.242869639999995,7.50423292],"num":10}