{"location":[51.84262945,7.49441065],"num":6}