{"location":[51.39598372307692,7.337695376923075],"num":39}