{"location":[50.93958249090909,7.28237159090909],"num":11}