{"location":[50.411481507692315,7.245712266666668],"num":39}