{"location":[49.9746607,7.1131535],"num":1}