{"location":[49.61673039166667,7.361396374999999],"num":12}