{"location":[49.074647787878796,7.561107787878788],"num":33}