{"location":[48.67882165609756,7.343813075609756],"num":41}