{"location":[48.158044011111116,7.2128470333333325],"num":9}