{"location":[47.71232815000001,7.4596676],"num":12}