{"location":[47.311400044,7.436397529600002],"num":125}