{"location":[46.762942418181815,7.411296283636363],"num":55}