{"location":[46.26649495970148,7.320446092537315],"num":67}