{"location":[45.82218527326731,7.382458106930693],"num":101}