{"location":[45.26317194462366,7.289423483333336],"num":186}