{"location":[44.809066281355925,7.242976079661017],"num":59}