{"location":[44.25416482391305,7.323425854347827],"num":46}