{"location":[43.80337521388889,7.2754154500000014],"num":36}