{"location":[64.3271498,-22.0574935],"num":1}