{"location":[64.1388776,-21.865791233333336],"num":3}