{"location":[-3.98015525,-38.72363165],"num":2}