{"location":[-7.2183734799999995,-36.696887679999996],"num":5}