{"location":[36.4518645,23.14485518],"num":5}