{"location":[-33.851912066666664,23.70675241666667],"num":6}