{"location":[69.96073506875001,23.4311250875],"num":16}