{"location":[67.9619811,23.6754556],"num":1}