{"location":[66.34937445,23.8742363],"num":2}