{"location":[65.9190069,22.8846428],"num":1}