{"location":[63.828261499999996,23.176192659999998],"num":5}