{"location":[62.804985450000004,23.17677175],"num":2}