{"location":[61.490673433333335,23.594595766666668],"num":6}