{"location":[60.481241866666664,23.3205088],"num":3}