{"location":[53.68930793333333,23.823874866666667],"num":6}