{"location":[53.01548262,23.3368313],"num":5}