{"location":[51.506144,22.9374458],"num":1}