{"location":[50.4771398,23.0605298],"num":1}