{"location":[46.37615672121212,23.476226315151518],"num":33}