{"location":[43.21686682,23.24889628],"num":5}