{"location":[42.59556442307692,23.292944953846153],"num":13}