{"location":[38.08947787956989,23.602870316129035],"num":93}