{"location":[37.21149194545454,22.87688063737375],"num":99}