{"location":[-22.3198097,-42.5757653],"num":1}