{"location":[36.351749503278675,28.3840024704918],"num":61}