{"location":[-28.5126246,28.4264796],"num":1}