{"location":[64.9110526,28.9535068],"num":1}