{"location":[61.19203414,29.114067420000005],"num":5}