{"location":[50.26380032,28.769384719999998],"num":10}