{"location":[47.0536205,28.77920685],"num":2}