{"location":[46.9967351,28.84101963333333],"num":3}