{"location":[44.48827697142857,28.4507125],"num":7}