{"location":[40.604786309999994,29.29610333],"num":10}