{"location":[54.925639849999996,83.0291957],"num":2}