{"location":[53.303767,83.7662074],"num":1}