{"location":[49.6674891,82.2836732],"num":1}