{"location":[7.2975326,81.8618204],"num":1}