{"location":[34.805867,133.6381548],"num":1}