{"location":[38.8164492,139.836835],"num":1}