{"location":[35.719002977777784,139.61604848888888],"num":27}