{"location":[35.32307979499999,139.60135373999998],"num":20}