{"location":[29.373121299999998,110.60802746666667],"num":3}