{"location":[24.751297436842098,110.49980231842105],"num":38}