{"location":[-6.7617483499999995,110.9454003],"num":2}