{"location":[-7.0529534,110.3915169],"num":1}