{"location":[-7.9836899500000005,110.5390849],"num":2}