{"location":[-42.126005,171.3331209],"num":1}