{"location":[29.7032826,91.1494879],"num":1}