{"location":[23.792678633333335,91.45701179999999],"num":3}