{"location":[-15.781332825,-48.166220024999994],"num":4}