{"location":[-23.163747642857146,-47.9363483],"num":7}