{"location":[-25.971908266666663,-49.189984466666665],"num":3}