{"location":[-28.37259686666667,-49.08891706666666],"num":3}