{"location":[41.356803279999994,69.3692401],"num":5}