{"location":[68.22697109444444,14.676203849999998],"num":18}