{"location":[60.8657629,15.003597775],"num":4}