{"location":[59.59705595,15.899618349999999],"num":2}