{"location":[58.57365412592593,16.17964885925926],"num":54}