{"location":[56.49572275999999,14.68018244],"num":5}