{"location":[55.189091375000004,14.861319312499997],"num":16}