{"location":[53.382160476923076,14.831226915384613],"num":13}