{"location":[50.880406792033284,14.651213350467575],"num":2887}