{"location":[49.83570578358716,14.881478963854212],"num":8012}