{"location":[47.97777908084833,15.543166601413876],"num":1556}