{"location":[46.169915736129056,14.752564123225804],"num":155}