{"location":[44.237868899999995,15.53293465342466],"num":73}