{"location":[41.72269883157895,14.42348072631579],"num":19}