{"location":[40.21498139130435,15.503364217391303],"num":23}