{"location":[37.07761250650887,14.922893402366862],"num":169}