{"location":[35.862055689473685,14.431387352631575],"num":19}