{"location":[-24.229015,16.2737658],"num":1}