{"location":[47.83786722999999,-79.39301447999999],"num":10}