{"location":[42.987697167796604,-80.68065971016951],"num":59}