{"location":[37.73363046079786,-83.6321218698761],"num":1454}