{"location":[34.84350778529412,-81.46260501176471],"num":34}