{"location":[28.813964576923073,-81.79651885384615],"num":13}