{"location":[23.13150928787879,-83.33949689696968],"num":33}