{"location":[6.8654667,81.0627054],"num":1}