{"location":[-22.4641456,-43.1258336],"num":1}