{"location":[-22.97182737142857,-43.20375117857144],"num":14}