{"location":[-36.52344213333333,-72.96175483333333],"num":3}