{"location":[-41.38606249333334,-72.10315385666668],"num":30}