{"location":[47.1480246,-72.8995304],"num":1}