{"location":[46.7359227,-72.35050874999999],"num":6}