{"location":[45.366607608029184,-72.23118795693433],"num":137}