{"location":[44.81329389384614,-72.24015305692308],"num":130}