{"location":[43.85536349357799,-72.51176115321103],"num":109}