{"location":[42.45831173529414,-72.55087354901964],"num":51}