{"location":[41.33661390588235,-72.59840463529412],"num":17}