{"location":[42.211731267588064,-71.10192353349824],"num":9299}