{"location":[-27.00299032351351,-63.31173900621621],"num":370}