{"location":[44.5402217,-89.5803049],"num":1}