{"location":[43.39267921379309,-89.69486518965518],"num":29}