{"location":[38.7800232,-89.9235272],"num":1}