{"location":[37.803815,-89.4377439],"num":1}