{"location":[66.2638867,29.4097253],"num":1}