{"location":[61.4870534,29.2151172],"num":1}