{"location":[61.118279325,29.088804975000002],"num":4}