{"location":[50.317160675,29.079385824999996],"num":4}