{"location":[46.985938000000004,28.858093250000003],"num":2}