{"location":[40.83794506666666,29.51715485],"num":6}