{"location":[40.255048175,28.96452605],"num":4}