{"location":[36.508473316666674,29.136853708333334],"num":12}