{"location":[-28.1647594,29.1782916],"num":1}