{"location":[-32.041113,29.109241],"num":1}