{"location":[46.6337334,-72.9464019],"num":1}