{"location":[46.5280566,-72.7630956],"num":1}