{"location":[45.74632235,-72.72202659999999],"num":2}