{"location":[45.35752885,-72.71470074999999],"num":4}