{"location":[44.954497,-72.80336355],"num":2}