{"location":[44.39711733488372,-72.88912332790699],"num":43}