{"location":[43.89951199,-73.05251099833336],"num":60}