{"location":[42.590486761538465,-72.45873659615384],"num":26}