{"location":[42.28425343333332,-72.77713502857144],"num":21}