{"location":[41.9866963,-72.4696242],"num":1}