{"location":[41.3692199625,-72.86675202500001],"num":8}