{"location":[-41.2412105,-72.6954068],"num":2}