{"location":[-49.3195083,-72.90122034285714],"num":7}