{"location":[43.1745183,77.0244309],"num":1}