{"location":[25.2216763,55.2837806],"num":1}