{"location":[-20.986686074999998,55.357310774999995],"num":8}