{"location":[-21.3116225,55.4505496],"num":1}