{"location":[53.64437217499999,-1.05629906875],"num":16}