{"location":[52.89093689999999,-1.0528749333333334],"num":12}