{"location":[51.915769026315786,-0.645925442105263],"num":19}