{"location":[49.101814860000005,-0.58105912],"num":10}