{"location":[48.46328257333334,-0.5517313866666668],"num":30}