{"location":[47.31591826666667,-0.8742425777777778],"num":9}