{"location":[46.810928540000006,-0.7886981399999999],"num":5}