{"location":[45.52256142,-0.7809217],"num":5}