{"location":[44.73833821186441,-0.3165572457627118],"num":59}