{"location":[43.31732118181818,-0.5852779318181819],"num":22}