{"location":[42.707225789999995,-0.34722098250000005],"num":40}