{"location":[39.5050481472973,-0.6660431594594596],"num":74}