{"location":[38.50931549425287,-0.5476069666666668],"num":87}