{"location":[26.603159658620683,98.66532265172415],"num":29}