{"location":[15.629592322222221,100.13938595555555],"num":9}