{"location":[35.9605051,-83.9430576],"num":2}