{"location":[34.72850385,-84.06258295],"num":2}