{"location":[33.9660676,-83.77099815],"num":4}