{"location":[30.4805899,-84.2973861],"num":1}