{"location":[42.6104856,-83.34275687],"num":10}