{"location":[37.82811794437749,-83.62916191445787],"num":498}