{"location":[37.655224102810834,-83.71816742108112],"num":925}