{"location":[31.5545612,54.1407858],"num":1}