{"location":[24.5245773,54.434437],"num":1}