{"location":[-7.231179833333332,111.06886492222223],"num":9}