{"location":[45.476708737500005,145.684031575],"num":8}