{"location":[35.683216872455084,138.66689269880237],"num":167}