{"location":[-35.39679012613241,152.78727834912905],"num":287}