{"location":[60.01106606363637,30.367007227272726],"num":11}