{"location":[59.8855862,30.3799224],"num":1}