{"location":[50.4534304625,30.4870180875],"num":8}