{"location":[50.1998685,30.2657876],"num":1}