{"location":[-25.658822968888888,30.35592517777777],"num":45}