{"location":[-22.15873358,-44.78599966],"num":5}