{"location":[47.98683628848474,15.357300048186172],"num":37515}