{"location":[-32.136488959194615,86.58495315704701],"num":745}