{"location":[66.0457375,28.8160744],"num":1}