{"location":[64.1329543,28.3905165],"num":1}