{"location":[60.7888884,28.80954048],"num":5}