{"location":[50.22822675,28.562717316666667],"num":6}