{"location":[47.0183293,28.8068724],"num":1}