{"location":[45.20678268,28.246605640000002],"num":10}