{"location":[43.5032613,28.591226849999998],"num":2}