{"location":[36.313368161224474,28.199630738775504],"num":49}