{"location":[-25.7639179,28.30473223333333],"num":3}