{"location":[-32.680608,28.291898500000002],"num":2}