{"location":[52.602379,39.6135174],"num":1}