{"location":[44.21521985,39.9022143],"num":2}