{"location":[43.5471009625,39.87753930000001],"num":16}