{"location":[68.21991385333334,14.375748593333332],"num":15}