{"location":[68.0354155,15.3712946],"num":1}