{"location":[63.162209,14.6555955],"num":1}