{"location":[57.066933,14.7308156],"num":2}