{"location":[56.11491593333333,14.646427000000001],"num":3}