{"location":[55.31539803571429,14.703259749999997],"num":14}