{"location":[53.5849711,14.57035458],"num":10}