{"location":[52.75189415,15.25759175],"num":2}