{"location":[51.88722524285714,14.434860842857143],"num":7}