{"location":[50.878763068917124,14.288713402809218],"num":2207}