{"location":[50.088263978803504,14.589961405420611],"num":3911}