{"location":[49.56508115123754,14.42382612101605],"num":2303}