{"location":[48.497957027450965,14.955925934901963],"num":255}