{"location":[46.486830485869554,14.678078147826088],"num":92}