{"location":[45.55225132045455,14.37166917727273],"num":44}