{"location":[44.6787767,14.912113499999998],"num":33}