{"location":[42.20446747999999,14.19670184],"num":5}