{"location":[41.550309525,14.326281208333334],"num":12}