{"location":[37.929896294117654,14.786101047058828],"num":17}