{"location":[36.97239553708609,14.928108734437082],"num":151}