{"location":[-3.7345788,-38.5249559],"num":1}