{"location":[40.6012295,-86.7592425],"num":1}