{"location":[39.0927693,-86.53764903333332],"num":3}