{"location":[14.0864283,-87.1673389],"num":1}