{"location":[54.8364094,83.1103724],"num":1}