{"location":[49.34545196,-119.6609799],"num":5}