{"location":[47.75811231875,-120.69579969166664],"num":48}