{"location":[46.87858000384615,-120.0325668153846],"num":26}