{"location":[37.913776173611126,-119.57807567500006],"num":288}