{"location":[34.78518376923077,-119.96405990769232],"num":13}