{"location":[10.083557533333334,99.83261256666667],"num":3}