{"location":[8.010922321276597,98.83386814893616],"num":47}