{"location":[53.99608573333333,53.18363123333333],"num":12}