{"location":[36.46026737142857,49.194747514285716],"num":21}