{"location":[25.940865918181824,54.86489597727273],"num":22}