{"location":[57.2720397,53.719389299999996],"num":3}