{"location":[13.712254866666669,100.6000884],"num":3}