{"location":[49.90613990000001,-74.1380018],"num":32}