{"location":[44.93927570655893,-73.14225238844843],"num":2043}