{"location":[39.833360389565215,-76.25320762869565],"num":115}