{"location":[18.591455500000002,-72.9334677],"num":2}