{"location":[5.60153971875,-74.25880760625],"num":16}