{"location":[-6.4855805222222225,-77.83150975555556],"num":9}