{"location":[-15.32897029615385,-70.22305607307693],"num":26}