{"location":[-28.448281025,-70.497877225],"num":4}