{"location":[-34.873453691666676,-71.13200589000002],"num":60}