{"location":[-41.49616635384616,-71.9953766897436],"num":39}