{"location":[-51.977294864285724,-70.79187331428572],"num":14}