{"location":[-21.283746,-174.9191535],"num":1}