{"location":[-21.356709749999997,-174.91199037],"num":10}