{"location":[37.7363317,-97.2092593],"num":1}