{"location":[33.1858734,-97.0377748],"num":1}