{"location":[32.83322175,-97.22177365],"num":2}