{"location":[31.1402975,-97.5667106],"num":1}