{"location":[30.39025393333333,-97.68276583333333],"num":3}