{"location":[35.1151565,-90.032704],"num":1}