{"location":[14.5814992,-90.72490345],"num":2}