{"location":[46.33394455,-91.0547251],"num":2}