{"location":[43.95557021666667,-90.62201293888889],"num":18}