{"location":[43.00169588999999,-90.38744025000001],"num":10}