{"location":[40.7152482,-90.3224528],"num":1}