{"location":[38.4161438,-90.5852942],"num":6}