{"location":[36.14213565,128.2562463],"num":2}