{"location":[35.101310100000006,128.26192403333334],"num":3}