{"location":[61.480785,30.2174659],"num":1}