{"location":[61.1398471,29.8995501],"num":2}