{"location":[60.63429345,29.99036365],"num":2}