{"location":[-24.0093781,30.0050071],"num":1}