{"location":[48.49665535,35.04102535],"num":2}