{"location":[44.8928767,34.9815285],"num":1}