{"location":[32.7590831,34.9910867],"num":2}