{"location":[32.24670616666666,34.861342666666665],"num":6}