{"location":[29.5268549,34.914265],"num":1}