{"location":[28.5018359,34.5203102],"num":1}