{"location":[68.80607501176468,19.779638487058815],"num":85}