{"location":[48.944503563321895,12.62960298759246],"num":35051}