{"location":[36.926255325768174,20.252627274930177],"num":1432}