{"location":[-31.37594992857141,22.17710874397761],"num":357}