{"location":[-22.83994552,-47.85487809999999],"num":5}