{"location":[-23.973252950000003,-48.140023799999994],"num":2}