{"location":[-27.0358624,-48.6064935],"num":1}