{"location":[-27.879852149999998,-48.7658742],"num":2}