{"location":[68.5530796,14.6301543],"num":1}