{"location":[68.1961163,14.35757675714286],"num":14}