{"location":[67.2863232,14.5692944],"num":1}