{"location":[61.13243235,14.36701],"num":2}