{"location":[58.6462923,14.5361061],"num":1}