{"location":[57.2118415,14.6559642],"num":1}