{"location":[56.074532149999996,14.4517903],"num":2}