{"location":[55.286282237500004,14.752245312500001],"num":8}