{"location":[53.9275407,14.4583539],"num":1}