{"location":[53.47840599999999,14.5185615],"num":8}