{"location":[52.3529161,14.5505528],"num":1}