{"location":[51.80961009999999,14.415578850000001],"num":6}