{"location":[51.3196734,14.419203333333334],"num":3}