{"location":[50.87764494764574,14.270911594778537],"num":2145}