{"location":[50.57970435196077,14.31984676764706],"num":102}