{"location":[49.9908661217355,14.260127148560722],"num":2397}