{"location":[49.62380023727382,14.295317340503855],"num":1548}