{"location":[49.29226037657892,14.339920052105267],"num":380}