{"location":[48.720044825,14.514115502],"num":100}