{"location":[48.26479466153845,14.332580315384616],"num":26}