{"location":[47.73240922478633,14.400441763247864],"num":117}