{"location":[47.296266571428575,14.632301885714286],"num":7}