{"location":[46.672638921428565,14.400781635714285],"num":14}