{"location":[46.281481202564095,14.39323084615385],"num":39}