{"location":[45.95509847142857,14.451231421428572],"num":14}