{"location":[45.29722146538462,14.234082130769231],"num":26}