{"location":[44.93209022857143,14.512716450000001],"num":14}