{"location":[44.5067629,14.4947457],"num":2}