{"location":[41.904687966666664,14.29514975],"num":6}