{"location":[41.195931083333335,14.357412666666667],"num":6}