{"location":[40.6477509,14.55126255],"num":8}