{"location":[37.95068967142857,14.422462342857145],"num":7}