{"location":[36.92470845135134,14.712399278378374],"num":37}