{"location":[36.0787904,14.2286312],"num":1}