{"location":[35.85001487222222,14.442651583333332],"num":18}