{"location":[32.846319449999996,129.91842530000002],"num":2}