{"location":[43.49790462790697,-89.3584276255814],"num":43}