{"location":[42.25069924,-87.88588191333334],"num":15}