{"location":[40.03755075,-88.21722344999999],"num":4}