{"location":[37.9260431,-88.89486454],"num":5}