{"location":[69.9784519,23.48553084615385],"num":13}