{"location":[69.785093,23.2518154],"num":1}