{"location":[63.8989784,23.6493463],"num":1}