{"location":[62.8196648,23.5044335],"num":1}