{"location":[60.7250191,23.7915479],"num":1}