{"location":[56.79265405,23.54060365],"num":4}