{"location":[52.9295168,23.7801229],"num":1}