{"location":[52.7361995,23.5864187],"num":1}