{"location":[49.043847799999995,23.682533300000003],"num":2}