{"location":[47.7045212,23.8412067],"num":1}