{"location":[46.610071392307695,23.664658753846147],"num":13}