{"location":[46.13791583529411,23.484968299999995],"num":17}