{"location":[43.118518875,23.388258175],"num":4}