{"location":[42.660302462500006,23.349435125000003],"num":8}