{"location":[42.24569573333333,23.571037533333335],"num":3}