{"location":[41.2635836,23.564297633333336],"num":6}