{"location":[39.9237617,23.5903423],"num":1}