{"location":[38.46727145,23.74878766666667],"num":6}