{"location":[38.05527415000001,23.72761955131578],"num":76}