{"location":[37.49787646,23.25659708],"num":5}