{"location":[-33.509613,23.63939],"num":1}