{"location":[-33.92037188,23.720224899999998],"num":5}