{"location":[65.5409524,-18.0774276],"num":1}