{"location":[28.42692725,-17.8658249],"num":4}