{"location":[44.045147033333336,-90.01996878888889],"num":9}