{"location":[43.03960108888889,-90.29141348888889],"num":9}