{"location":[38.6496933,-90.411969175],"num":4}