{"location":[46.03597895,-87.797275325],"num":4}