{"location":[43.21030638714287,-88.43287156571427],"num":70}