{"location":[39.20453806363637,-86.7264570090909],"num":22}