{"location":[55.0148703,82.948019],"num":1}