{"location":[-22.2404859,-51.4246828],"num":1}