{"location":[66.17695463333332,27.461153566666667],"num":3}