{"location":[62.8787323,27.63277],"num":1}