{"location":[61.5701378,27.8644199],"num":1}