{"location":[61.0405225,28.1147175],"num":1}