{"location":[53.895296338461534,27.5667771],"num":13}