{"location":[53.673012,27.965400250000002],"num":2}