{"location":[47.1813671,27.5994598],"num":1}