{"location":[38.3394375,27.472811],"num":1}