{"location":[36.690478375,27.678030850000003],"num":4}