{"location":[-25.7206545,27.8475698],"num":1}