{"location":[-32.955431069999996,27.908818410000002],"num":10}