{"location":[49.9248026881356,-123.17397445593221],"num":59}