{"location":[49.674261672162196,-123.15822336540543],"num":370}