{"location":[49.34376812307691,-123.23016253076923],"num":39}