{"location":[48.66821175,-123.15476145],"num":2}