{"location":[48.43861083333333,-123.55878027333331],"num":15}