{"location":[44.5630444,-123.263005],"num":1}