{"location":[44.05754685,-123.09802295],"num":2}