{"location":[38.4293007,-123.11559],"num":1}