{"location":[35.798800899999996,113.51278965],"num":6}