{"location":[24.7746529,113.6603066],"num":1}