{"location":[35.68178919465649,139.1384129709924],"num":131}