{"location":[35.936551900000005,-79.20275415],"num":6}