{"location":[35.252308400000004,-79.5079336],"num":2}