{"location":[26.57907405,-80.14202925000001],"num":2}