{"location":[-1.6609197500000001,-79.097224125],"num":4}