{"location":[47.3384248,-79.43067495],"num":2}