{"location":[44.976761,-79.5424866],"num":1}