{"location":[43.42774577083333,-79.38894142499997],"num":24}