{"location":[42.46201573333334,-79.4167911],"num":3}