{"location":[40.428733466666664,-79.9351462],"num":3}