{"location":[39.6203561,-79.9248829],"num":1}