{"location":[38.4152746,-79.9841083],"num":1}