{"location":[45.5972083,38.9235732],"num":1}