{"location":[44.24128208571428,39.27623232857143],"num":28}