{"location":[22.3171887,39.0920761],"num":1}