{"location":[31.047321166666663,121.44397132222223],"num":9}