{"location":[11.9623729,121.9251996],"num":1}