{"location":[34.9263182,137.1613396],"num":1}