{"location":[34.8342535,137.4133963],"num":1}