{"location":[-40.8848358,172.8115497],"num":1}