{"location":[-43.471849,172.66405653333334],"num":3}