{"location":[-43.588365333333336,172.72275706666665],"num":3}