{"location":[16.0833572,108.2169205],"num":1}