{"location":[-6.8829112,107.63878148333333],"num":6}