{"location":[32.9383352,-103.3382808],"num":1}