{"location":[50.30262662,-122.69549325999999],"num":10}