{"location":[50.25914048888889,-122.86476123333334],"num":9}