{"location":[49.30651408372093,-122.850832827907],"num":43}