{"location":[48.7503025,-122.4749208],"num":1}