{"location":[48.408197683333334,-122.58287610000001],"num":12}