{"location":[47.644759019999995,-122.40730948000001],"num":5}