{"location":[47.20745154,-122.57878882],"num":5}