{"location":[45.6301388,-122.6719564],"num":1}