{"location":[45.5080063,-122.59674073076926],"num":13}