{"location":[42.70265725,-122.8958657],"num":2}