{"location":[42.2428004,-122.78325755],"num":2}