{"location":[38.63088585714285,-122.61916],"num":21}