{"location":[37.82318412380952,-122.49293143333335],"num":21}