{"location":[-3.332117,114.6165224],"num":1}