{"location":[45.7473466,-108.5933198],"num":1}