{"location":[38.34125215499999,-109.19447316],"num":20}