{"location":[-20.3119127,-40.3035031],"num":1}