{"location":[-19.052734100000002,-65.2387429],"num":2}