{"location":[-31.661983921052627,-64.8963464736842],"num":19}