{"location":[-29.0386996,-51.9133941],"num":1}