{"location":[29.448466694756558,119.1319650992509],"num":267}