{"location":[12.63119423703704,121.96220444814817],"num":27}