{"location":[-6.555937385714285,114.49782925714285],"num":14}