{"location":[43.69335625,-88.16604939999999],"num":2}