{"location":[43.41453561428572,-88.52576257142857],"num":7}