{"location":[42.957907875,-88.09616695],"num":4}