{"location":[42.26709136666667,-88.1005899],"num":3}