{"location":[41.9278598,-88.0803168],"num":1}