{"location":[50.15536291428571,-124.22072325714285],"num":7}