{"location":[49.4952988,-123.78723456666667],"num":3}