{"location":[48.36874841176476,-121.89103050849667],"num":1071}