{"location":[69.9333967,23.167142499999997],"num":2}