{"location":[63.810582274999994,23.05790425],"num":4}