{"location":[62.7903061,22.84911],"num":1}