{"location":[60.35935325,23.08498925],"num":2}