{"location":[53.13723226666667,23.105871633333333],"num":3}