{"location":[46.95018875,22.53011995],"num":2}