{"location":[46.237297,22.7702036],"num":1}