{"location":[45.8875158,22.8981095],"num":1}