{"location":[45.1337838,23.1449355],"num":2}