{"location":[43.6102586,22.6914487],"num":1}