{"location":[42.8614153,22.649845399999997],"num":2}