{"location":[40.641214675,22.9775615],"num":4}