{"location":[40.2737659,22.5163809],"num":1}