{"location":[38.5240039,22.7271273],"num":4}