{"location":[37.888709014285716,22.62380261428571],"num":7}