{"location":[37.23020629066665,22.847497504000007],"num":75}