{"location":[37.06225518421054,22.892941310526314],"num":19}