{"location":[-37.86500404400001,145.14089911199997],"num":25}