{"location":[36.32716285,137.5241437],"num":2}