{"location":[35.08530888333333,136.91883491666667],"num":6}