{"location":[36.6984687,137.2134413],"num":1}