{"location":[-36.756988320895516,141.8430128283582],"num":67}