{"location":[42.9566892,141.04630975],"num":2}