{"location":[41.79234,140.7323581],"num":1}