{"location":[40.4985221,141.5320569],"num":2}