{"location":[20.849982,15.912746],"num":1}