{"location":[60.59909345,15.64018555],"num":2}