{"location":[59.601545,16.5814021],"num":1}