{"location":[58.62989638979592,16.20207144897959],"num":49}