{"location":[57.86652685,16.315857825],"num":4}