{"location":[54.304944750000004,15.967736250000002],"num":2}