{"location":[52.6145869,16.5872206],"num":1}