{"location":[51.98660546666667,16.084699933333333],"num":3}