{"location":[50.87034913791047,15.841140801641787],"num":670}