{"location":[50.40733270292502,16.162144796892136],"num":547}