{"location":[49.294389638049566,16.07538420559552],"num":1251}