{"location":[48.25210287408991,15.89497092077087],"num":467}