{"location":[46.644750959999996,16.05481104],"num":5}