{"location":[43.49008195454546,16.428392572727272],"num":22}