{"location":[41.55261305,15.57362505],"num":2}