{"location":[40.3930345875,16.047697112499996],"num":8}