{"location":[39.31165768,16.23698098],"num":5}