{"location":[38.4765505,16.4608483],"num":1}