{"location":[36.47249021666667,-4.9506337],"num":6}