{"location":[35.1688837,-5.2548633],"num":1}