{"location":[58.2609442,-5.3828807],"num":1}