{"location":[56.738062225,-4.99778535],"num":4}