{"location":[55.70464835,-4.8283199],"num":2}