{"location":[53.1383709,-4.2525623],"num":1}