{"location":[51.56019109423077,-4.2868943250000004],"num":52}