{"location":[50.255041000000006,-5.1660166705882355],"num":17}