{"location":[48.339773182352936,-4.500843047058824],"num":17}