{"location":[43.26993853333333,-4.724070146666666],"num":15}