{"location":[41.71040295,-4.714124325],"num":4}