{"location":[40.324027527777766,-4.957951616666666],"num":18}