{"location":[38.099922122222225,-5.004764122222222],"num":9}