{"location":[36.91294091607144,-4.701653494642856],"num":56}