{"location":[47.33991,-91.1880427],"num":1}