{"location":[46.5780779,-90.8753222],"num":1}