{"location":[46.0898112,-91.234128],"num":1}