{"location":[43.86599340000001,-91.22405708888888],"num":9}