{"location":[42.6605491,-91.2516811],"num":1}