{"location":[37.949044799999996,-90.93194425],"num":2}