{"location":[30.407273250000003,-91.0902724],"num":2}