{"location":[-15.786128133333333,-47.90937293333334],"num":3}