{"location":[-21.9826174,-47.8820584],"num":1}