{"location":[-23.054277550000002,-47.848083024999994],"num":4}