{"location":[-23.4442483,-48.414893],"num":1}