{"location":[-24.5022576,-47.8651546],"num":1}