{"location":[44.41757567500001,-80.42577535],"num":4}