{"location":[43.504787199999996,-80.35559925000001],"num":2}