{"location":[40.9874266,-80.6736475],"num":1}