{"location":[38.241936824999996,-80.842277925],"num":8}