{"location":[37.034958800000005,-80.5515525],"num":3}