{"location":[35.5978376,-80.8540279],"num":1}