{"location":[35.1205877,-80.705705],"num":1}