{"location":[32.310889,-80.502066],"num":1}