{"location":[-33.793659700000006,20.102863599999996],"num":18}