{"location":[69.3252167,20.3637019],"num":1}