{"location":[65.7388886,20.48180655],"num":2}