{"location":[63.88586345,20.11191305],"num":2}