{"location":[60.087913,19.9310204],"num":1}