{"location":[52.8638534,20.5056659],"num":3}