{"location":[52.19171077777779,20.896219796296297],"num":27}