{"location":[50.89738167777778,20.487360255555558],"num":36}