{"location":[50.170563074142215,19.769286416299018],"num":816}