{"location":[49.36313571967213,20.327552885245897],"num":61}