{"location":[48.54983330740742,20.60758125185185],"num":27}