{"location":[47.9527272,20.405643400000002],"num":2}