{"location":[46.457200400000005,20.176003350000002],"num":2}