{"location":[44.685078209090904,20.345316836363637],"num":11}