{"location":[42.71152849999999,19.81686495],"num":6}