{"location":[40.622873,20.7797434],"num":1}