{"location":[39.548744,20.16226795],"num":4}