{"location":[38.6722507,20.9240339],"num":1}