{"location":[34.847941181818186,-120.16114680000001],"num":11}