{"location":[49.424592800000006,-119.715715225],"num":4}