{"location":[48.57923911111111,-120.58752803333333],"num":9}