{"location":[47.56862152051282,-120.72078545897436],"num":39}