{"location":[46.948827845833335,-120.1242180375],"num":24}