{"location":[39.28858055800001,-120.29852313200003],"num":50}