{"location":[38.058815593121686,-119.82026868624334],"num":189}