{"location":[37.158573950000005,-120.3009448],"num":2}