{"location":[-6.293168271428571,-37.275957385714285],"num":7}