{"location":[-16.406789946666667,-41.99156681333332],"num":15}