{"location":[42.78416225434855,-50.85430294131854],"num":6416}