{"location":[-27.176199376601673,-59.89221274401111],"num":359}