{"location":[69.3487257,88.2245136],"num":1}