{"location":[35.716568949999996,51.10139865],"num":2}