{"location":[25.110526874999994,121.89000749166665],"num":12}