{"location":[13.9991793,121.8675133],"num":1}