{"location":[52.64368655,1.25225575],"num":2}