{"location":[51.938873,1.1067627333333332],"num":6}