{"location":[51.357492275,1.0416009000000002],"num":4}