{"location":[49.4995622375,1.025748975],"num":8}