{"location":[49.2236857625,1.316665025],"num":8}