{"location":[48.8651859,1.0683676],"num":1}