{"location":[48.078646,1.3366648],"num":1}