{"location":[47.601283,1.3227795],"num":1}