{"location":[47.3443424,0.7227459249999999],"num":4}