{"location":[46.642687,0.9343355],"num":1}