{"location":[46.3190421,0.9312531],"num":1}