{"location":[45.81683125,1.2678520999999998],"num":2}