{"location":[45.34200035,0.92039335],"num":2}