{"location":[44.806467750738896,1.1129989748768467],"num":203}