{"location":[44.3999454,0.7832030999999999],"num":2}