{"location":[43.756730749999996,1.2375635],"num":6}