{"location":[43.443240755555564,1.2396817444444446],"num":9}