{"location":[42.849751466666675,0.9758575866666667],"num":15}