{"location":[42.18175580000001,1.1610529285714288],"num":14}