{"location":[41.905166734482755,0.8700140965517242],"num":29}