{"location":[41.27153848939395,0.9520650196969696],"num":66}