{"location":[6.141930366666667,1.2617714666666666],"num":3}