{"location":[40.15609526649214,-105.45847057905753],"num":191}