{"location":[38.57451780571427,-105.21640826857146],"num":70}