{"location":[35.733033147619054,-106.02650651904763],"num":21}