{"location":[31.85458175,-106.30259541999999],"num":10}