{"location":[20.5516701,-105.2548644],"num":1}