{"location":[53.4152121,55.99726073333333],"num":3}