{"location":[25.495060969230774,56.006606023076934],"num":13}