{"location":[24.19442985,55.57315595],"num":4}