{"location":[56.76818576666667,-5.031752233333333],"num":3}