{"location":[55.6375546,-5.2231864],"num":1}