{"location":[51.5979011,-4.948953],"num":1}