{"location":[50.4941572,-4.9433699],"num":1}