{"location":[50.12728206666667,-5.425042075],"num":12}