{"location":[43.4576253,-4.936873],"num":1}