{"location":[42.91847001111111,-5.290527911111111],"num":9}