{"location":[40.8693248,-4.9711797],"num":1}