{"location":[40.31603738666667,-4.9920812933333325],"num":15}