{"location":[38.9946058,-5.5256261],"num":1}