{"location":[38.124361462500005,-5.0355249625],"num":8}