{"location":[37.2595189,-5.548564],"num":1}