{"location":[36.6945238,-5.3906576],"num":1}