{"location":[36.39564563333334,-5.093182866666667],"num":3}