{"location":[31.59232645,-5.5970362],"num":2}