{"location":[34.79443484285714,132.98261127142857],"num":7}