{"location":[-7.0553326,-37.161668199999994],"num":4}