{"location":[-12.4317245,-38.3277642],"num":1}