{"location":[35.990025,136.23894546666665],"num":3}