{"location":[34.73450408823529,135.4920976470588],"num":17}