{"location":[47.64529808508773,-69.74541126842107],"num":114}