{"location":[44.355473327272726,-68.57437911818181],"num":11}