{"location":[-16.49889427272727,-68.11163878181819],"num":11}