{"location":[-23.6167343,-67.851701],"num":1}