{"location":[-33.803942975,-70.011815975],"num":4}