{"location":[-54.635081428571425,-68.68252628571429],"num":7}