{"location":[49.0292788,-100.349641],"num":1}