{"location":[25.948363,-100.479428],"num":1}