{"location":[20.23539974,-99.93111621999999],"num":5}