{"location":[57.796254478461535,-6.5054251],"num":65}