{"location":[49.26605816171869,-2.9315434025568177],"num":1408}