{"location":[37.20978995035374,-6.115148068749993],"num":848}