{"location":[-20.51273655,164.3238322],"num":2}