{"location":[-31.249259166666665,149.63300643333332],"num":3}