{"location":[-42.97660523333334,147.51585450000002],"num":3}