{"location":[18.939259999999997,102.43899041428573],"num":7}