{"location":[2.4729349363636364,101.94116524545456],"num":11}