{"location":[54.25405415,-0.58713185],"num":2}