{"location":[53.7828556,-0.2736501],"num":1}