{"location":[53.740748499999995,-0.36415885],"num":2}