{"location":[52.802886,-0.0989872],"num":1}