{"location":[52.3004601,-0.628928],"num":1}