{"location":[51.78644132222222,-0.3738611444444444],"num":9}