{"location":[51.4963632568182,-0.1364051181818182],"num":44}