{"location":[50.96442938,-0.11132984000000001],"num":5}