{"location":[49.128306183333336,-0.24955633333333335],"num":6}