{"location":[48.69680911818182,-0.3537527727272727],"num":11}