{"location":[48.31516807142857,-0.14850688571428572],"num":7}