{"location":[47.422640300000005,-0.55182168],"num":5}