{"location":[46.99533,-0.3599809],"num":1}