{"location":[46.297902,-0.2381989],"num":1}