{"location":[45.5958684,-0.0790435],"num":1}