{"location":[45.413221,-0.4697834],"num":1}