{"location":[44.75336682452831,-0.2476596433962264],"num":53}