{"location":[44.497637100000006,-0.6534707],"num":2}