{"location":[43.226216486666665,-0.34374711999999996],"num":15}