{"location":[42.86292241333334,-0.38582797000000013],"num":30}