{"location":[42.24013592,-0.23140002],"num":10}