{"location":[40.63393906666666,-0.2600267333333333],"num":3}