{"location":[40.13052885813954,-0.3298578813953489],"num":43}