{"location":[39.64463225,-0.4700402818181818],"num":22}