{"location":[38.96579110714286,-0.36300902857142864],"num":14}