{"location":[38.623921794117635,-0.3101889117647059],"num":51}