{"location":[57.700012,-2.7930617],"num":1}