{"location":[56.259438599999996,-2.5246579749999998],"num":4}