{"location":[54.872371738235294,-1.7244273970588235],"num":34}