{"location":[53.38320688231294,-1.6822861982993198],"num":294}