{"location":[51.55417225803573,-0.9308143776785716],"num":112}