{"location":[50.09865784883719,-1.6440402558139542],"num":43}