{"location":[47.91353896078433,-1.420816349019607],"num":102}