{"location":[46.28748685,-0.9249954583333332],"num":12}