{"location":[44.037770083620714,-0.8522921956896554],"num":116}