{"location":[42.32345663047619,-1.093728843809524],"num":105}