{"location":[39.7762763328,-0.5937735024000005],"num":125}