{"location":[38.42354339019607,-0.7287192598039215],"num":102}