{"location":[-7.0062347,-37.1292302],"num":3}