{"location":[52.2653631,-10.08466125],"num":2}