{"location":[50.6543128,-121.9732711],"num":1}