{"location":[49.185254786206904,-121.8990604551724],"num":29}