{"location":[48.3911807,-122.1846211],"num":1}