{"location":[47.69683995,-122.18426181666668],"num":18}