{"location":[47.449105720689666,-121.78197361724139],"num":29}