{"location":[46.816277580000005,-121.86507212],"num":5}