{"location":[45.7756799,-121.84177120000001],"num":2}