{"location":[45.45541905,-121.9926718],"num":8}