{"location":[44.422522019999995,-122.30252660000001],"num":5}