{"location":[43.98564263333333,-122.29863403333331],"num":3}