{"location":[38.538198,-121.7387786],"num":1}