{"location":[37.86476888684211,-122.07820340789473],"num":38}