{"location":[37.2765925375,-122.05590612083331],"num":24}