{"location":[10.6572697,-71.59331475],"num":2}