{"location":[-16.3976035,-71.5411029],"num":1}