{"location":[-32.87223798888889,-70.96138773333331],"num":9}