{"location":[-33.584672092,-70.68030544],"num":25}