{"location":[-34.67165846666666,-71.1902684],"num":3}