{"location":[-35.96855936666666,-70.55706926666666],"num":3}