{"location":[-41.47383456,-71.45745838],"num":5}