{"location":[-42.08302380000001,-71.59989085],"num":2}