{"location":[48.430038800000005,-71.05614115],"num":2}