{"location":[47.76875442,-70.56171302],"num":5}