{"location":[46.77599815555555,-71.2546475111111],"num":9}