{"location":[44.250996255555556,-70.87102534444443],"num":9}