{"location":[43.650409284374994,-71.3742130703125],"num":64}