{"location":[42.46313690648148,-71.09918997407406],"num":108}