{"location":[18.770857566666667,99.07165553333333],"num":3}