{"location":[14.0589597,100.67325116666666],"num":6}