{"location":[8.137943803846154,98.87592344423076],"num":52}