{"location":[55.2395454,-6.4421975],"num":1}