{"location":[53.3998614,-6.6689579],"num":1}