{"location":[52.98408044545454,-6.429589636363638],"num":11}