{"location":[42.556038,-6.5978155],"num":1}