{"location":[41.3322373,-6.7173432],"num":1}