{"location":[40.04313734285714,-7.016049],"num":7}