{"location":[38.8685608,-6.9547613],"num":1}