{"location":[33.9935532,-6.839653],"num":2}