{"location":[33.6563812,-7.006519],"num":1}