{"location":[-20.647401825000003,-46.26597605],"num":4}