{"location":[-22.518341433333333,-45.82805483333333],"num":6}