{"location":[-22.680583842857143,-45.77894578571429],"num":7}