{"location":[-23.98086695,-46.3008082],"num":2}