{"location":[36.038731150000004,-115.02664895000001],"num":2}