{"location":[52.073927499999996,-114.82577900000001],"num":2}