{"location":[51.09120761666667,-114.210352],"num":6}