{"location":[42.57500173333333,-114.43185713333332],"num":6}