{"location":[-29.4045726,-50.7202492],"num":1}