{"location":[39.060017444067796,116.47442933728813],"num":59}