{"location":[24.12201308533332,116.52332996800001],"num":150}