{"location":[14.898243494117647,120.99682843529412],"num":17}