{"location":[9.162382575,121.269963075],"num":4}