{"location":[-32.04893845,115.8505820375],"num":8}