{"location":[67.57311073333334,24.372592433333335],"num":6}