{"location":[66.50641238333333,23.981434216666667],"num":6}