{"location":[65.8440431,24.182675],"num":1}