{"location":[61.6539512,24.0690234],"num":1}