{"location":[61.009552025000005,24.42070705],"num":4}