{"location":[60.78489475,24.5945678],"num":2}