{"location":[60.28267946666667,24.494933366666668],"num":3}