{"location":[60.1835712,24.40332988],"num":5}