{"location":[56.9503227,24.1497546],"num":1}