{"location":[56.883674575,24.16301715],"num":8}