{"location":[49.8400704,23.980808],"num":1}