{"location":[47.133892,24.462218],"num":1}