{"location":[45.768389500000005,24.139600933333337],"num":3}