{"location":[41.6133419,24.3807782],"num":1}