{"location":[38.579957400000005,24.03189387272727],"num":11}