{"location":[37.89673113333333,24.006244933333335],"num":3}