{"location":[35.1748408,24.406633],"num":1}