{"location":[-31.75804,24.538748],"num":1}