{"location":[-33.585847,24.2474715],"num":2}