{"location":[-33.91100286666667,24.0692699],"num":3}