{"location":[36.41011820333333,30.471114876666654],"num":30}