{"location":[61.25349306666667,30.005522033333335],"num":3}