{"location":[60.518625066666665,29.909959466666667],"num":3}