{"location":[50.42525691111111,30.46243692222222],"num":9}