{"location":[46.458766350000005,30.7530133],"num":2}