{"location":[39.4671761,29.938874050000003],"num":2}