{"location":[36.871474686363634,30.484034855681816],"num":88}