{"location":[43.79820101916667,-99.22437654999995],"num":120}