{"location":[37.36511938402153,-104.09263736211847],"num":557}