{"location":[19.860465602631578,-99.99207551315791],"num":38}