{"location":[44.8238988625,-63.13372185],"num":8}