{"location":[31.148048920833336,-97.76564354583333],"num":24}