{"location":[30.26816445,-97.81228198749999],"num":8}