{"location":[19.3163517,-98.2464608],"num":1}