{"location":[35.072405804545454,-85.29195745000001],"num":22}