{"location":[33.887403225,-84.484798075],"num":4}