{"location":[44.7241991,-85.36292786666667],"num":3}