{"location":[43.1568268,-85.3389813],"num":1}