{"location":[42.2909833,-85.5833508],"num":1}