{"location":[40.4454289,-84.9823495],"num":1}