{"location":[39.333154840000006,-84.4665084],"num":5}