{"location":[-15.7669469,-48.9367613],"num":1}