{"location":[-27.608995,-48.5893571],"num":1}