{"location":[-28.1507093,-48.9423913],"num":1}