{"location":[35.05795798214286,136.02299261785714],"num":28}