{"location":[37.380782737500006,127.04396546250001],"num":16}