{"location":[35.53483297499999,127.99776628333335],"num":12}