{"location":[26.63761380714286,128.02438879285714],"num":14}