{"location":[43.06504342222221,132.1985854888889],"num":9}