{"location":[34.15313968461538,131.79063993076923],"num":13}