{"location":[-31.0841287,150.9252225],"num":1}