{"location":[-33.89204354545455,151.08547884999996],"num":22}