{"location":[-34.558672300000005,150.76061333333334],"num":3}