{"location":[47.3727852,-96.95667405],"num":2}