{"location":[42.3776187,-96.34405475],"num":2}