{"location":[39.709228599999996,-97.87790386666666],"num":3}