{"location":[35.16238797906977,-96.77869847209301],"num":43}