{"location":[30.760400978048775,-97.8109650780488],"num":41}