{"location":[23.85540885,-100.272753825],"num":4}