{"location":[19.562103070833334,-99.28345750833334],"num":24}