{"location":[43.407292742649695,-71.83697105843916],"num":551}