{"location":[8.512932825,-71.95382645000001],"num":4}