{"location":[-15.19544501304348,-69.92444260434782],"num":23}