{"location":[-18.4886896,-70.29603215],"num":2}