{"location":[-33.89589718125,-70.79905012500001],"num":48}