{"location":[-41.467820392105274,-71.93904011842106],"num":38}