{"location":[61.8727182,33.2454766],"num":1}