{"location":[54.1645846,33.3285271],"num":1}