{"location":[49.04233373571429,33.47910613571429],"num":14}