{"location":[39.542424478571434,31.357185528571428],"num":14}