{"location":[35.31152145555555,32.64917045555556],"num":9}