{"location":[63.32152076415095,9.347334233962265],"num":53}