{"location":[62.33061063333333,9.1129959],"num":3}