{"location":[60.9807531,10.363788055555554],"num":9}