{"location":[59.71947067333334,10.538131132222222],"num":90}