{"location":[58.215367922222235,8.970076477777777],"num":9}