{"location":[56.3190864,10.015976558333334],"num":12}