{"location":[54.79813144074075,9.885869485185186],"num":27}