{"location":[53.39185180975609,9.820790285365854],"num":41}