{"location":[51.754714356916054,9.984214538322],"num":441}