{"location":[49.97892457816709,10.192873217520214],"num":371}