{"location":[47.71844842492433,10.031994588698286],"num":991}