{"location":[46.138205946934725,9.831228014502289],"num":1517}