{"location":[44.278432388125005,9.774202955],"num":320}