{"location":[42.20194335609758,9.423370886585369],"num":164}