{"location":[40.03929291333332,9.40197214583333],"num":120}