{"location":[36.3761772,10.1177732],"num":1}