{"location":[52.6661819,0.1562786],"num":1}