{"location":[52.292481575,0.39000664999999995],"num":4}