{"location":[51.739640325,0.13514410000000002],"num":4}