{"location":[51.49131493,0.10548315000000001],"num":10}