{"location":[51.02312906666666,0.23500531666666669],"num":6}