{"location":[49.470365675,0.274950175],"num":4}