{"location":[49.2319675,0.4987338],"num":1}