{"location":[48.5104415,0.0520507],"num":1}