{"location":[48.307913850000006,0.346349],"num":6}