{"location":[47.97374825,0.2006782],"num":2}