{"location":[47.4015611,0.6713686333333334],"num":3}