{"location":[46.62906145,0.34187005000000004],"num":2}