{"location":[46.4466371,0.5605297],"num":1}