{"location":[45.605123500000005,0.18200875],"num":2}