{"location":[45.34920296666667,0.5443287333333333],"num":3}