{"location":[44.835774,0.4418121],"num":1}