{"location":[44.5011681,0.1767911],"num":1}