{"location":[43.786999,0.4482645333333333],"num":3}