{"location":[42.87571374594595,0.3411753864864865],"num":37}