{"location":[42.147283438888884,0.4467096388888888],"num":18}