{"location":[41.60993712,0.57500596],"num":5}