{"location":[41.039274818181816,0.48972912727272727],"num":11}