{"location":[38.67121890769231,0.035644592307692305],"num":13}