{"location":[5.9709631,0.05857806666666667],"num":3}