{"location":[63.048801,-151.0981996],"num":1}