{"location":[41.7637264,-111.8279979],"num":1}