{"location":[41.122072349999996,-111.94402980000001],"num":2}