{"location":[40.696017411111114,-111.87268635555557],"num":9}