{"location":[40.3826503,-111.8340765],"num":1}