{"location":[37.1266253,-111.9628809],"num":1}