{"location":[33.4696649375,-111.98039485],"num":8}