{"location":[-8.4424289,115.5988314],"num":1}