{"location":[44.694516167676774,-63.80278182323233],"num":99}