{"location":[16.3590217125,-62.52019850000001],"num":8}