{"location":[-31.54939501999999,-64.753146172],"num":25}