{"location":[-36.104340990909094,-58.80670985454546],"num":22}