{"location":[35.7536424,139.69714616249996],"num":32}