{"location":[34.059219,139.546681],"num":1}