{"location":[38.26937125,140.1009258],"num":2}