{"location":[22.1345937,-101.0183389],"num":1}