{"location":[52.3302597,86.9878364],"num":1}