{"location":[45.1083379,-93.495859],"num":1}