{"location":[44.9280993,-93.21265285000001],"num":4}