{"location":[43.1224727,-93.4542185],"num":1}