{"location":[36.00636827333334,-93.29174368000001],"num":15}