{"location":[35.3010124,-93.146513],"num":1}