{"location":[68.18253940000001,14.521731086956523],"num":23}