{"location":[63.34995504166667,12.93536087083333],"num":24}