{"location":[59.84851415,14.145773599999998],"num":12}