{"location":[57.89074231101694,14.136763754237286],"num":118}