{"location":[53.81052095488722,13.377444930075187],"num":133}