{"location":[50.14086938612936,14.314501214240362],"num":15407}