{"location":[47.45193629597267,14.09123515786863],"num":3228}