{"location":[42.85950430344831,13.373647983990148],"num":406}