{"location":[37.66929562170085,14.323536172727282],"num":341}