{"location":[57.155192850000006,-3.90469885],"num":4}