{"location":[56.57275546666667,-3.60499985],"num":6}