{"location":[56.42292315,-3.9267160666666663],"num":6}