{"location":[56.0647382,-4.00207025],"num":2}