{"location":[55.7752569,-4.0366173],"num":1}