{"location":[55.053364200000004,-3.8564899],"num":2}