{"location":[53.33515070000001,-3.8429896666666665],"num":3}