{"location":[53.10124532,-4.024060260000001],"num":20}