{"location":[52.4144998,-4.0664926],"num":1}