{"location":[51.687177750000004,-3.8532567375],"num":8}