{"location":[51.51513888196722,-3.8884668213114746],"num":61}