{"location":[51.0292916,-3.8279524],"num":1}