{"location":[50.56928393846153,-3.821546846153846],"num":13}