{"location":[48.618703,-3.7047917],"num":2}