{"location":[48.0361792,-4.1365704],"num":1}