{"location":[47.888086200000004,-3.8798452500000002],"num":2}