{"location":[43.382402866666666,-4.087095833333334],"num":3}