{"location":[42.9172087,-3.7446725],"num":2}