{"location":[42.42863143333334,-3.675742175],"num":12}