{"location":[41.6714117,-3.6752741],"num":1}