{"location":[41.2624905,-3.8485659],"num":1}