{"location":[40.661898142307685,-3.8394240615384616],"num":26}