{"location":[40.38286364473683,-3.666202431578947],"num":38}