{"location":[39.8014705,-4.007952542857143],"num":7}