{"location":[37.7874112,-3.7843383],"num":1}