{"location":[37.087153047368425,-3.5469563263157893],"num":19}