{"location":[-19.747175425,-43.316116099999995],"num":8}