{"location":[-22.72469203636363,-43.47148768181819],"num":22}