{"location":[36.28111225,32.276740700000005],"num":2}