{"location":[30.010231,31.253966],"num":1}