{"location":[49.6459586,32.049251],"num":1}