{"location":[57.1540306,-2.0821686],"num":1}