{"location":[55.96124126666666,-2.672154433333333],"num":3}