{"location":[55.33621516923077,-2.085476653846154],"num":13}