{"location":[54.703456263636355,-1.8459386454545454],"num":11}