{"location":[53.56482779722225,-1.744028459027778],"num":144}