{"location":[53.183003467213105,-1.7534160647540975],"num":122}