{"location":[52.140400899999996,-2.1728146846153846],"num":13}