{"location":[51.34027437619048,-2.2010775],"num":21}