{"location":[50.59542525555556,-2.0447991592592594],"num":27}