{"location":[49.28272458,-1.6902939],"num":5}