{"location":[48.371914470833325,-2.0003741791666667],"num":24}