{"location":[47.346494489743584,-1.8588246794871799],"num":39}