{"location":[43.30966597714285,-1.9232257914285718],"num":35}