{"location":[42.73867702068964,-2.0474957344827582],"num":29}