{"location":[41.51610986875,-1.4645476999999998],"num":16}