{"location":[40.34061235,-1.9554686],"num":4}