{"location":[38.1080765,-1.6494132666666665],"num":12}