{"location":[37.198019933333335,-2.2981997333333335],"num":3}