{"location":[-12.61545355,-40.83613486666667],"num":6}