{"location":[-17.8439528,-41.513729],"num":1}