{"location":[35.218786175,-80.89684085],"num":4}