{"location":[33.99744503333333,-81.0415684],"num":3}