{"location":[32.145908000000006,-80.78013394999999],"num":2}