{"location":[28.729939333333334,-81.42243923333332],"num":3}