{"location":[28.023242133333337,-80.63593886666666],"num":3}