{"location":[25.7171915,-80.2769682],"num":1}