{"location":[21.9287956,-80.3120093],"num":1}