{"location":[-1.05426395,-80.46665595],"num":2}