{"location":[44.545546699999996,-80.71678706666667],"num":6}