{"location":[42.9984133,-81.2175795],"num":1}