{"location":[41.46230435714286,-81.29870422857142],"num":7}