{"location":[40.9376933,-80.1782826],"num":1}