{"location":[38.14770533846154,-80.9365696923077],"num":13}