{"location":[36.9337288,-80.79105905],"num":4}