{"location":[9.092387800000001,38.81145505],"num":2}