{"location":[7.0955765,38.5907743],"num":1}