{"location":[54.886308,38.0561438],"num":1}