{"location":[50.6478758,38.6841701],"num":1}