{"location":[44.294537221875,39.18392565937499],"num":32}