{"location":[26.816412463999995,99.83095334400001],"num":25}