{"location":[9.671131200000001,99.50395367499999],"num":4}