{"location":[41.2101678,-96.0232799],"num":1}