{"location":[36.12537021904762,-96.07989353809522],"num":21}