{"location":[27.8130059,-17.9012183],"num":1}