{"location":[54.9852387,73.2898968],"num":1}