{"location":[33.5319137,73.1507365],"num":1}