{"location":[18.781779,73.3906281],"num":1}