{"location":[25.1652529,93.013042],"num":1}