{"location":[55.93320597499999,92.86995935],"num":4}