{"location":[44.0378185,43.08038445],"num":2}