{"location":[43.1104483,43.1513361],"num":1}