{"location":[42.901932,43.5806136],"num":1}