{"location":[42.27240853809525,43.23652059047619],"num":21}