{"location":[55.221639275,-6.154905125],"num":4}