{"location":[54.68683736666667,-5.9217623],"num":3}