{"location":[54.184119287499996,-6.1169111124999995],"num":8}