{"location":[54.16195264,-6.31590456],"num":5}