{"location":[53.36873435,-6.31988735],"num":2}