{"location":[53.187067333333324,-6.102267591666666],"num":12}