{"location":[50.04387364814816,-5.678097662962963],"num":27}