{"location":[42.90092405,-5.8050089],"num":2}