{"location":[42.1019058,-5.9029286800000005],"num":5}