{"location":[40.95280325,-5.6461123],"num":2}