{"location":[40.23763599090909,-5.913269518181818],"num":11}