{"location":[38.786676,-6.2651533],"num":1}