{"location":[36.08948393050848,-5.721273013559321],"num":59}