{"location":[33.404962000000005,130.4000067],"num":6}