{"location":[46.8054873,-73.5831824],"num":1}