{"location":[46.25713063056767,-73.73475955327508],"num":229}