{"location":[45.727945,-73.6164891],"num":1}