{"location":[45.51444193728813,-73.54334175932205],"num":59}