{"location":[43.82075141,-73.46532533999999],"num":10}