{"location":[43.34386113333333,-73.63011393333333],"num":3}