{"location":[42.73006672,-73.62690148],"num":5}