{"location":[41.9605225,-73.7613408],"num":1}