{"location":[41.2419821,-73.5145241],"num":2}