{"location":[40.9030995,-73.2360405],"num":1}