{"location":[5.0861486,-73.68470830000001],"num":2}