{"location":[35.55287273333334,24.0895842],"num":3}