{"location":[35.02610726666666,24.845652400000002],"num":3}