{"location":[-31.7027855,24.8533895],"num":2}