{"location":[-33.69298599473684,24.733712068421053],"num":19}