{"location":[66.4683101142857,24.11483527142857],"num":7}