{"location":[61.0182655,24.53761],"num":5}