{"location":[60.481995700000006,24.729370666666664],"num":12}