{"location":[60.188864973333345,24.829996286666663],"num":30}