{"location":[58.404977,24.5030141],"num":1}