{"location":[56.891079922222225,24.161543533333333],"num":9}