{"location":[53.8913969,25.2609699],"num":1}