{"location":[49.81952903333333,24.00162543333333],"num":9}