{"location":[46.5526828,24.545979],"num":1}