{"location":[45.5912144625,24.804982825000003],"num":8}