{"location":[43.1752342,24.073919],"num":1}