{"location":[42.14933738,24.751319799999997],"num":5}