{"location":[41.563659014285705,24.740212757142853],"num":7}