{"location":[38.43355177142858,24.026397671428573],"num":14}