{"location":[37.57280152,25.1668541],"num":10}