{"location":[61.9486886,34.2136608],"num":1}