{"location":[61.7665302,34.3829233],"num":1}