{"location":[44.75795683846154,33.91441653846154],"num":13}