{"location":[44.464808368181814,34.03349623181819],"num":22}