{"location":[28.566665789473692,34.42676159473684],"num":19}