{"location":[46.8561147625,-71.2739430125],"num":8}