{"location":[46.1350653,-71.1002835],"num":1}