{"location":[44.2611731,-71.44891125],"num":2}