{"location":[44.00117196842105,-71.56110003947369],"num":38}