{"location":[43.11726480000001,-71.16795014285715],"num":21}