{"location":[42.63794582222222,-71.54575142222222],"num":9}