{"location":[42.35123394918032,-71.13162174098359],"num":61}