{"location":[41.89858462857143,-71.43364824285716],"num":49}