{"location":[41.4299794,-71.50393564999999],"num":2}