{"location":[-13.9400261,-71.40776732500001],"num":8}