{"location":[-33.062167,-71.6305581],"num":2}