{"location":[-33.6310406,-71.6349426],"num":1}