{"location":[-33.8150587,-71.1844196],"num":1}