{"location":[-34.5058778,-71.170338],"num":2}