{"location":[-35.0032198,-71.2301292],"num":1}