{"location":[-40.7677641,-71.6466242],"num":1}