{"location":[-41.15540073333333,-71.39662116666666],"num":3}