{"location":[-41.9514853,-71.5487142],"num":2}