{"location":[62.456588194444436,7.836738275000002],"num":36}