{"location":[60.5215316,8.2011562],"num":1}