{"location":[58.4549522,7.7968144],"num":1}