{"location":[58.15155348536585,7.996012773170733],"num":41}