{"location":[58.0622215,7.829532650000001],"num":2}