{"location":[55.7881091,8.2485074],"num":1}