{"location":[53.4892923,8.0299504],"num":1}