{"location":[53.13174965,8.18445415],"num":2}