{"location":[52.5178437,8.3701296],"num":1}