{"location":[52.23888897222222,7.77849783888889],"num":18}