{"location":[51.7220296,7.996026900000001],"num":5}