{"location":[51.39854219375,8.228972099999998],"num":16}