{"location":[51.06890539090909,8.009689609090909],"num":11}