{"location":[50.41866646666667,8.048941058333332],"num":12}