{"location":[50.056307837499986,8.1242058125],"num":40}