{"location":[49.5088032631579,8.097081157894737],"num":19}