{"location":[49.15111647711864,7.856588515254235],"num":236}