{"location":[48.65998722352941,8.125358923529411],"num":34}