{"location":[48.15831828,8.095061743999999],"num":25}