{"location":[47.837067571739134,8.01624892826087],"num":46}