{"location":[47.35565182916667,8.00735105],"num":24}