{"location":[46.73393229111114,8.081392802222224],"num":90}