{"location":[46.299623030645165,8.144719027419358],"num":62}