{"location":[45.794533248648655,8.056576582882881],"num":111}