{"location":[45.51563250416667,7.829563658333335],"num":24}