{"location":[44.8093418,7.947598533333334],"num":3}