{"location":[44.18886608946139,8.272127152927398],"num":427}