{"location":[43.96846076666666,7.857197866666667],"num":3}