{"location":[39.33672974285714,8.414433442857144],"num":7}