{"location":[23.65788566666667,108.26779800000001],"num":3}