{"location":[-6.801111185714285,107.54753917142857],"num":7}