{"location":[-11.60765125,-47.622028400000005],"num":2}