{"location":[-14.0205372,-47.5290064],"num":1}