{"location":[-15.1310972,-47.7565574],"num":1}