{"location":[-22.1181534,-47.6947574],"num":1}