{"location":[-22.9028672,-47.1149701],"num":1}