{"location":[-23.419532699999998,-47.41360775],"num":2}