{"location":[40.6223649,116.7092011],"num":1}