{"location":[40.071431726086956,116.20164622173914],"num":23}