{"location":[5.9790323,116.0916136],"num":1}