{"location":[-8.58156065,116.08784415],"num":2}