{"location":[-31.9147699,116.0621673],"num":1}