{"location":[-38.537881425,175.98094063333335],"num":12}