{"location":[21.436013584615385,106.19041196153846],"num":13}