{"location":[11.5386188,104.9194069],"num":1}