{"location":[10.74868215,106.09667859999999],"num":4}