{"location":[1.82270445,104.40309905],"num":2}