{"location":[51.005274459999995,-114.10479666],"num":5}