{"location":[42.5969933,-114.38971833333333],"num":3}