{"location":[42.55301016666667,-114.47399593333334],"num":3}