{"location":[54.8932215,52.2756619],"num":1}