{"location":[43.723770277777774,-110.8025768],"num":9}