{"location":[43.4729172,-110.7602925],"num":1}