{"location":[33.302459528571426,-111.06733774285716],"num":7}