{"location":[43.87768208,42.68209694],"num":5}