{"location":[42.2763668,42.7062963],"num":1}