{"location":[35.71468381999999,113.60013448],"num":5}