{"location":[23.14783816666667,113.3590731],"num":3}