{"location":[22.2137162,113.5540528],"num":1}