{"location":[-7.1977937,113.4730034],"num":1}