{"location":[41.4870743,-81.7094998],"num":1}