{"location":[38.3848326,-81.6173416],"num":1}