{"location":[33.4811185,-82.140159],"num":1}