{"location":[30.2898222,-81.6335504],"num":1}