{"location":[29.6565468,-81.9811124],"num":1}