{"location":[28.4185964,-81.6436729],"num":1}