{"location":[-7.2026263,-37.2589822],"num":1}