{"location":[62.443526406818165,7.7499477159090935],"num":44}