{"location":[61.14857991111111,7.598719955555556],"num":9}