{"location":[58.99571578722743,6.548401660124609],"num":321}