{"location":[58.422715759130426,6.855157240000002],"num":115}