{"location":[54.6450686,8.3597745],"num":1}