{"location":[53.02303344761906,6.858559199999999],"num":21}