{"location":[51.51693519009898,7.186750642079207],"num":202}