{"location":[49.541417618480494,7.5161519020533865],"num":487}