{"location":[47.75242822018557,7.358774557308583],"num":431}