{"location":[45.85214591379107,6.97797262968461],"num":1617}