{"location":[44.25232007254173,7.244773866790356],"num":1078}