{"location":[39.377186037499996,8.4196120625],"num":16}