{"location":[26.35072299473683,105.31171776403507],"num":114}