{"location":[9.352650503888892,102.49892201555558],"num":180}