{"location":[44.9030549,78.2418062],"num":1}