{"location":[52.651185,0.8869300333333333],"num":3}