{"location":[49.36290333703703,1.8881104462962963],"num":54}