{"location":[48.540491247008525,2.2947018300854714],"num":585}