{"location":[45.87208124000001,1.622578332],"num":50}