{"location":[44.43945943878114,1.3623763457063716],"num":361}