{"location":[42.02092855889832,1.4470434775423733],"num":472}