{"location":[39.872600810000016,2.10874347],"num":50}