{"location":[11.763904995999999,1.7857102959999998],"num":25}