{"location":[6.133788442857143,0.7799871142857143],"num":7}