{"location":[58.0075014,56.2881178],"num":2}