{"location":[-37.86353804038462,175.51081637692312],"num":52}