{"location":[-39.19570435,175.59120575],"num":4}