{"location":[36.2193863,113.0760655],"num":1}