{"location":[24.22161735714286,112.89468569285717],"num":14}