{"location":[-7.2908592,112.73689325000001],"num":2}