{"location":[-8.2007506,112.5316089],"num":1}