{"location":[61.9228442,5.5698756],"num":1}