{"location":[60.44617863636365,5.2672118090909095],"num":11}