{"location":[59.6002545,5.2094577],"num":1}