{"location":[59.22492975454545,5.533483536363635],"num":11}