{"location":[52.16424882142856,4.725982032142857],"num":56}