{"location":[51.14551848999999,4.786712424285715],"num":70}