{"location":[48.5532842,5.039974108333333],"num":12}