{"location":[47.33619375660377,4.923917260377358],"num":53}