{"location":[46.586873693548384,4.840395322580646],"num":62}