{"location":[45.61239398155341,4.855972698058251],"num":103}