{"location":[44.54906302625699,4.943326476536313],"num":179}