{"location":[43.306121094542256,5.387228506338027],"num":568}