{"location":[46.0063086712106,-74.12214089562559],"num":983}