{"location":[44.163851900000004,-73.75548007755104],"num":49}