{"location":[41.59388179936708,-74.1826245253165],"num":158}