{"location":[40.472020973333336,-74.54718660666666],"num":45}