{"location":[38.5497213,-75.7622274],"num":1}