{"location":[4.750626411111111,-74.55682399999999],"num":9}