{"location":[44.647379359999995,-63.58162867333333],"num":15}