{"location":[44.49110248333332,-63.73848521212122],"num":66}