{"location":[43.970876399999995,40.947153],"num":2}