{"location":[43.552346,41.1810538],"num":1}