{"location":[39.8988043,41.2531373],"num":1}