{"location":[37.9143192,41.0914721],"num":1}