{"location":[10.6610576,123.1439968],"num":1}