{"location":[-13.665672723076925,-46.81653812307692],"num":13}