{"location":[-21.049789383333337,-45.92678175],"num":6}