{"location":[-22.96045092083333,-46.254928523611085],"num":72}