{"location":[46.00335074554658,-74.13413618259105],"num":988}