{"location":[42.222481794782624,-74.40460493652174],"num":230}