{"location":[39.982798618181825,-76.21234175454546],"num":110}