{"location":[35.4419019,-78.247228175],"num":4}