{"location":[4.3095126,-74.91358290999999],"num":10}