{"location":[-9.525351633333333,-77.53063603333332],"num":6}