{"location":[-39.8066844,-73.3479014],"num":3}