{"location":[-33.643066157142854,150.27794322857144],"num":14}