{"location":[-35.18474934444444,149.30698595555558],"num":9}