{"location":[44.8613901,78.7609917],"num":1}