{"location":[-25.533701,152.6867174],"num":1}