{"location":[-26.696863516666667,153.01608115],"num":6}