{"location":[-36.0402528,146.964136],"num":1}