{"location":[35.7223217,52.0408286],"num":1}