{"location":[49.891906885714285,-124.38919099999998],"num":14}