{"location":[56.4078724,61.8910135],"num":1}