{"location":[-39.3399108,-69.842688],"num":1}