{"location":[43.6891423,-70.2994364],"num":1}