{"location":[35.75692471428572,51.3381037],"num":7}