{"location":[43.89136975714286,-77.34188521428572],"num":7}