{"location":[41.75432231874999,-77.29954625625001],"num":16}