{"location":[40.11931091960784,-77.359375327451],"num":51}