{"location":[37.864025076923085,-77.51106358461539],"num":13}