{"location":[18.4716612,-77.4243391],"num":1}