{"location":[0.3394883,-78.1244131],"num":1}