{"location":[-0.4060383,-78.4332572],"num":3}