{"location":[-12.0806132,-76.9452137],"num":1}