{"location":[68.206650825,13.814712824999999],"num":4}