{"location":[56.6903394,12.8703943],"num":1}