{"location":[56.097164109999994,13.42224813],"num":10}