{"location":[53.659201499999995,13.1194138],"num":4}