{"location":[52.58451872542373,13.374159986440674],"num":59}