{"location":[52.36296969032258,13.315822293548386],"num":31}