{"location":[50.867645581330684,13.868694888480642],"num":1007}