{"location":[50.21127183343999,13.34135824778666],"num":1875}