{"location":[49.584749132418494,13.479775235334477],"num":583}