{"location":[48.44502258076922,13.349543653846153],"num":26}