{"location":[47.596341001851854,13.416038243121692],"num":378}