{"location":[46.537448626696836,13.292098595927598],"num":221}