{"location":[45.56531033114756,13.792969991803282],"num":61}