{"location":[43.40865600857142,13.022426097142857],"num":35}