{"location":[42.469471223880596,13.282467211940295],"num":67}