{"location":[41.56191197159091,13.255065789772727],"num":88}