{"location":[37.951494991216215,13.460365472297298],"num":148}