{"location":[-41.260258,173.9225361],"num":1}