{"location":[-41.2661533,173.6022115],"num":2}