{"location":[48.176128042857144,-79.15790617142856],"num":7}