{"location":[43.66133988333333,-79.39911271666666],"num":6}