{"location":[43.12978886666666,-79.05712381111111],"num":9}