{"location":[42.63295375,-79.07942625],"num":2}