{"location":[35.880238925,-78.88821502500001],"num":4}