{"location":[35.0527085,-78.8848131],"num":1}