{"location":[-1.2141240666666666,-78.98093166666666],"num":3}