{"location":[-1.5123264,-78.82553276666665],"num":3}