{"location":[-2.9006155,-79.0170359],"num":1}