{"location":[28.160237,-15.4119537],"num":1}