{"location":[41.86816961875,-105.00434983125001],"num":16}