{"location":[39.7319174034483,-105.39354965287355],"num":261}