{"location":[35.60600142272727,-105.9043144409091],"num":22}