{"location":[31.188241050000002,-106.09168579999998],"num":12}