{"location":[51.2647057,86.0747076],"num":1}