{"location":[46.699727,38.2869646],"num":1}