{"location":[44.667323175,38.537778974999995],"num":4}