{"location":[-21.35007668181818,-174.91264156363638],"num":11}