{"location":[25.231916,-100.4341763],"num":1}