{"location":[40.5863865,-99.8666714],"num":1}