{"location":[60.6846188,-135.0692742],"num":1}