{"location":[7.9752039,98.3404014],"num":1}