{"location":[54.9982697,57.3524442],"num":1}