{"location":[69.60249005,18.021377899999997],"num":2}