{"location":[62.5956461,18.0165203],"num":1}