{"location":[59.71958454000001,17.720620169999997],"num":10}