{"location":[59.37339665,17.95960209210526],"num":38}