{"location":[59.0882002,18.2789431],"num":1}