{"location":[53.149282400000004,17.960432599999997],"num":2}