{"location":[51.6705697,17.8201583],"num":1}