{"location":[50.58608976666667,17.94534476666667],"num":6}