{"location":[50.0956045,18.2173323],"num":1}