{"location":[49.68618465479453,17.875282084474886],"num":219}