{"location":[48.81523740000001,18.03329065],"num":10}