{"location":[48.34253287142857,17.97319752857143],"num":7}