{"location":[47.8465108,17.7584633],"num":1}