{"location":[47.1732717,17.901245730769233],"num":13}