{"location":[46.889107,17.890108],"num":1}