{"location":[43.5917209,18.2407947],"num":2}