{"location":[43.37131333,17.82946076],"num":10}