{"location":[42.8351969,17.650288],"num":1}