{"location":[40.5441664,17.9526928],"num":1}