{"location":[40.0767809,18.167817],"num":1}