{"location":[28.95853244375,-13.679454324999998],"num":16}