{"location":[59.5925669,15.2178346],"num":1}