{"location":[56.9220245,14.805667],"num":1}