{"location":[56.1956835,15.0357004],"num":1}