{"location":[55.233821524999996,14.86804825],"num":4}