{"location":[54.0949223,15.0966999],"num":1}