{"location":[51.19647748888889,14.842325355555554],"num":9}