{"location":[50.84308725599998,14.944931419999996],"num":50}