{"location":[50.6345438368421,15.194525841742294],"num":551}