{"location":[49.9516037506388,15.153317273403022],"num":861}