{"location":[49.73551847432951,15.063623269731805],"num":261}