{"location":[49.28692858859649,14.983728249122805],"num":114}