{"location":[48.630856333333334,15.135965650000001],"num":6}