{"location":[48.36020130325204,15.438103098373986],"num":123}