{"location":[47.612990074757285,15.108408554368927],"num":103}