{"location":[47.28908779344262,15.344977045081965],"num":122}