{"location":[46.84292768333333,15.05574398333333],"num":24}