{"location":[46.2775619,15.073225873333332],"num":15}