{"location":[45.4348251,15.1889123],"num":1}