{"location":[44.808884,15.037963719999999],"num":5}