{"location":[40.02999985,15.3003974],"num":2}