{"location":[38.4900239,14.8984498],"num":1}