{"location":[37.851487266666666,15.056447955555557],"num":9}