{"location":[37.39814018,15.017933719999998],"num":5}