{"location":[36.96905332568808,14.99721079816513],"num":109}