{"location":[-21.832187833333336,15.164601699999999],"num":3}