{"location":[-29.2216361,-51.316821649999994],"num":2}