{"location":[49.4378027,-98.7747608],"num":2}