{"location":[43.94296544411765,-92.04328817352942],"num":68}