{"location":[36.253156568131864,-95.0083638879121],"num":91}