{"location":[30.142475683673474,-97.64106821020412],"num":49}