{"location":[19.178979696153846,-98.62510719615385],"num":26}