{"location":[49.6970501995238,-122.61756913682542],"num":630}