{"location":[46.35901926674473,-120.73718136861827],"num":427}