{"location":[26.706589041666664,99.95463496666667],"num":12}