{"location":[14.765381349999998,100.909233],"num":2}