{"location":[13.705748875000001,100.55526025],"num":4}