{"location":[63.8927487,-16.5946967],"num":1}