{"location":[28.178979022352944,-16.28577371411765],"num":85}