{"location":[31.4742601,130.4037589],"num":1}