{"location":[68.75265229090907,24.42942352727273],"num":33}