{"location":[60.72534909285712,27.61460495285715],"num":210}