{"location":[46.50939139789721,31.85243981518694],"num":428}