{"location":[36.81608526291671,28.545330013611075],"num":720}