{"location":[7.88168215,36.74330125],"num":6}