{"location":[-3.967560175,34.726411125],"num":4}