{"location":[-29.556637225619834,28.048377090909092],"num":121}