{"location":[49.63436055609348,-122.95399661302169],"num":599}