{"location":[47.740801035359105,-121.94831716685086],"num":181}