{"location":[45.76093268205129,-122.02481202564104],"num":39}