{"location":[41.9654467875,-122.51346045],"num":8}