{"location":[38.91530761666667,-121.01467815000001],"num":6}