{"location":[37.868082842342346,-122.24475987387386],"num":111}