{"location":[19.1775359,72.98732865],"num":4}