{"location":[47.024478053846146,120.09746975384616],"num":13}