{"location":[21.92388157142856,111.49074147874153],"num":588}