{"location":[-12.407574979166663,111.97914403541667],"num":48}