{"location":[36.02889296875,-93.34935535625],"num":16}