{"location":[48.6117335,-93.2173168],"num":1}