{"location":[44.77024076,-93.36983972],"num":5}