{"location":[41.903739800000004,-93.6857628],"num":3}