{"location":[38.0902504,-93.5624519],"num":1}