{"location":[36.614723,-93.239725],"num":1}