{"location":[69.1416322,20.64725515],"num":2}