{"location":[63.17848957142858,21.5373289],"num":14}