{"location":[60.55859901904761,21.747349423809528],"num":21}