{"location":[51.47855336666666,20.75800022083333],"num":72}