{"location":[50.05187450838151,20.108993225626218],"num":1038}