{"location":[48.53538286285713,20.719160937142863],"num":35}