{"location":[45.72829608888889,20.613645922222222],"num":9}