{"location":[44.383466968000015,20.937632332],"num":25}