{"location":[42.006435106666665,20.365401893333335],"num":15}