{"location":[39.82739799714286,21.469572899999996],"num":35}