{"location":[38.04393981333333,21.9039932],"num":15}