{"location":[-33.72291227272728,20.442688909090904],"num":22}