{"location":[-29.6502942,-53.8147029],"num":1}