{"location":[58.68248479459459,16.117698864864863],"num":37}