{"location":[58.3561155,15.7341869],"num":1}