{"location":[57.8298207,16.1385585],"num":1}