{"location":[54.1766949,15.5622503],"num":1}