{"location":[51.79628295,15.72353395],"num":2}