{"location":[51.242265906666674,15.617764139999997],"num":15}