{"location":[50.86135460309123,15.840575157032456],"num":647}