{"location":[49.923069488888885,15.810916931746029],"num":63}