{"location":[49.63000190698795,15.980646743373502],"num":415}