{"location":[49.03194376385536,15.88222932730923],"num":498}