{"location":[48.68553343421052,15.674141568421051],"num":38}