{"location":[48.28596544921262,15.675533383858276],"num":254}