{"location":[47.773437052412326,15.938958186842118],"num":456}