{"location":[47.0049244,15.9322524],"num":1}