{"location":[46.36778735,15.588970450000001],"num":2}