{"location":[45.85898010714285,15.974053607142858],"num":14}