{"location":[44.8369652,15.808210266666668],"num":3}