{"location":[43.82003996666666,16.020363449999998],"num":6}