{"location":[41.6510882,15.6210796],"num":1}