{"location":[41.4541379,15.5261705],"num":1}