{"location":[40.5143141,15.7578825],"num":1}