{"location":[40.267772359999995,15.837596940000001],"num":5}