{"location":[39.7970009,15.8723001],"num":1}