{"location":[-21.50544635,15.61007755],"num":2}