{"location":[54.385015566666674,83.27486626666666],"num":3}