{"location":[26.5047119,80.2297824],"num":1}