{"location":[11.9838763,79.8345563],"num":1}