{"location":[7.08149965,81.4622629],"num":2}