{"location":[25.5057004,56.3634588],"num":1}