{"location":[46.25717402822086,-74.02142530674847],"num":163}