{"location":[45.96955395893724,-74.38019900169081],"num":414}