{"location":[45.46689557171719,-74.3320976626263],"num":99}