{"location":[43.538952900000005,-73.95961636666668],"num":3}