{"location":[42.662916228571426,-74.02038951428572],"num":7}