{"location":[41.73737454303797,-74.19731403164558],"num":79}