{"location":[41.15037042068965,-74.16333759655173],"num":58}