{"location":[40.76158216842106,-74.01771350526315],"num":19}