{"location":[40.229838650000005,-74.22412725],"num":2}