{"location":[39.8894613,-74.20281765],"num":4}