{"location":[5.0186978,-74.009435],"num":1}