{"location":[4.63331675,-74.07966225],"num":2}