{"location":[-42.5733129,-74.1361664],"num":1}