{"location":[25.02197359130435,121.66335352608694],"num":23}