{"location":[14.46807982,121.16587917],"num":10}