{"location":[-37.89917022622951,175.42526269344265],"num":61}