{"location":[42.99370345,141.34969278333332],"num":6}