{"location":[-37.05857648281249,142.9392620578124],"num":128}