{"location":[-33.92777918461539,151.00198062307692],"num":13}