{"location":[53.4892268,49.31452565],"num":2}