{"location":[37.3983162,48.63546785],"num":2}