{"location":[51.30601,-116.9745304],"num":1}