{"location":[51.156852,-117.3731655],"num":1}