{"location":[49.8047522,-116.9178175],"num":1}