{"location":[47.737708350000005,-117.0979697],"num":2}