{"location":[46.692235866666664,-117.2264639],"num":3}