{"location":[46.34306863333333,-117.03871296666667],"num":3}