{"location":[36.843042749999995,-117.15373045],"num":2}