{"location":[34.57242658354429,-116.96526292658227],"num":79}