{"location":[34.23870588571428,-116.97977100857143],"num":35}