{"location":[33.168773025,-117.13370727499999],"num":4}