{"location":[45.2627173,-76.7953271],"num":3}