{"location":[39.6975791,-76.8071059],"num":1}