{"location":[39.11680765,-76.95447626666667],"num":6}