{"location":[38.801127,-77.126143],"num":1}