{"location":[37.1956954,-76.8827012],"num":1}