{"location":[4.8915257,-73.90763522],"num":5}