{"location":[49.927271351612916,-74.33082164838709],"num":31}