{"location":[46.25854393969464,-73.85327085267176],"num":393}