{"location":[45.835424118499155,-74.28438692530544],"num":573}