{"location":[43.67849726250001,-73.58890276875],"num":16}