{"location":[42.690895600000005,-73.85643616666665],"num":12}