{"location":[41.488704000000006,-74.17036984357145],"num":140}