{"location":[40.71967445454545,-74.0009478],"num":22}