{"location":[30.709572899999998,103.544228825],"num":4}