{"location":[25.105545510526312,102.56385060000001],"num":19}