{"location":[24.5167027,102.9315232],"num":1}