{"location":[18.8145448125,102.4650765625],"num":8}