{"location":[3.41905687,101.75042457],"num":10}