{"location":[1.578599072,103.41300598000004],"num":50}