{"location":[57.4216937,-6.2103131],"num":1}