{"location":[57.2088793,-6.2239056],"num":1}