{"location":[53.22749889411766,-6.378783108823529],"num":34}