{"location":[52.20651616363636,-7.428799990909092],"num":11}