{"location":[43.34250218076924,-6.708379034615382],"num":26}