{"location":[41.44155169864864,-7.972783202702702],"num":74}