{"location":[40.15942016600001,-7.1558621360000005],"num":50}