{"location":[33.39986055999999,-7.20227038],"num":5}