{"location":[12.3787694,-8.3617705],"num":1}