{"location":[18.7112498,-68.4425963],"num":1}