{"location":[-34.8293687,-68.519739],"num":1}