{"location":[49.2510649,-68.1605865],"num":1}