{"location":[44.40585447777778,-68.26150832222223],"num":9}