{"location":[39.2008671,-95.4056767],"num":1}