{"location":[47.6529212837838,-69.73717976846848],"num":111}