{"location":[47.36323973333334,-70.04997676666666],"num":3}