{"location":[44.568374,-69.665159],"num":1}