{"location":[-42.6600797,-70.1018352],"num":1}