{"location":[32.669091916666666,-16.98427261666667],"num":6}