{"location":[28.6315677,-17.8540271],"num":3}