{"location":[42.99615684,141.5163681],"num":5}