{"location":[38.965894875,141.158303575],"num":4}