{"location":[-37.17964474545454,143.18757955785125],"num":121}