{"location":[44.49561275,-93.38390285000001],"num":6}