{"location":[42.030886333333335,-93.82362236666665],"num":6}