{"location":[37.81738956666667,-93.8765504],"num":3}