{"location":[35.943396990476195,-93.52565264285714],"num":21}