{"location":[33.36558865,-94.2383313],"num":2}