{"location":[63.2219326,75.4282915],"num":1}