{"location":[42.73060965,74.58701001666667],"num":6}