{"location":[18.65358365,73.62088105000001],"num":2}