{"location":[15.88595218,75.49301073],"num":10}