{"location":[42.43071126153847,-83.20503045384615],"num":13}