{"location":[39.791903233333336,-83.44386966666667],"num":3}