{"location":[37.718169098948884,-83.68330020357385],"num":1427}