{"location":[33.86907778,-83.44483032000001],"num":5}