{"location":[29.99066695,-82.556680975],"num":4}