{"location":[28.119775766666663,-82.31762896666667],"num":3}