{"location":[26.9203316,-81.8115025],"num":1}