{"location":[8.8030849,-82.4524098],"num":1}