{"location":[55.902461868181824,37.41316971818182],"num":22}