{"location":[55.59895732083333,37.626318854166676],"num":24}