{"location":[51.6538421,39.1788447],"num":1}