{"location":[50.629304700000006,37.632159650000006],"num":2}