{"location":[47.655905499999996,37.54121083333333],"num":3}