{"location":[46.325618666666664,38.316831433333334],"num":3}