{"location":[40.9904214,37.8568522],"num":1}