{"location":[37.7243319,36.7767723],"num":1}