{"location":[44.713020650000004,-85.54180410000001],"num":2}