{"location":[35.121970483333335,-85.31333784444445],"num":18}