{"location":[34.72406496666667,-85.4184541],"num":3}