{"location":[27.3791255,56.1680302],"num":1}