{"location":[25.88999336,56.08683456],"num":5}