{"location":[25.248228225000002,55.956463187500006],"num":8}