{"location":[24.084380699999997,55.95272893333333],"num":3}