{"location":[52.7677985,55.8059305],"num":1}