{"location":[16.240673875,-61.4473581],"num":4}