{"location":[14.557684250000001,-61.0915731],"num":2}