{"location":[45.9620821,-61.1004216],"num":1}