{"location":[32.38344595555556,35.60508042777778],"num":18}