{"location":[31.7757416,35.367801085714284],"num":7}