{"location":[29.663497287499997,35.4283883],"num":8}