{"location":[49.9938062,36.2341778],"num":1}