{"location":[39.071875299999995,-94.67249919999999],"num":6}