{"location":[38.7471953,-94.8274743],"num":1}