{"location":[36.3566552,-94.219684],"num":1}