{"location":[35.9975224,-94.4203242],"num":1}