{"location":[35.34692965,-94.3312493],"num":2}