{"location":[34.1471993,-94.7492131],"num":1}