{"location":[69.96594992941176,23.521291958823532],"num":17}