{"location":[67.80679624999999,24.291396900000002],"num":2}