{"location":[67.27212305555557,24.640477544444444],"num":9}