{"location":[66.33999724545455,23.965421572727276],"num":11}