{"location":[62.42130736666667,23.47418896666667],"num":3}