{"location":[60.817809311538475,24.268061499999995],"num":26}