{"location":[60.0988657264706,24.820170247058822],"num":34}