{"location":[56.86079503846153,23.970485107692305],"num":13}