{"location":[54.955158600000004,25.211815833333333],"num":3}