{"location":[53.42538813333334,23.740697966666662],"num":12}