{"location":[49.752359007692306,23.878541023076917],"num":13}