{"location":[47.4192066,24.15171235],"num":2}