{"location":[46.17445897111111,23.708650899999995],"num":45}