{"location":[43.20992805,23.386400066666667],"num":6}