{"location":[40.46039771666667,23.0028282],"num":6}