{"location":[37.685448543518525,23.369982550462957],"num":216}