{"location":[35.81784204545454,23.866362336363636],"num":11}