{"location":[-33.731128252,24.487241752000003],"num":25}