{"location":[35.7525993375,51.42594431250001],"num":8}