{"location":[32.659485466666666,51.668593200000004],"num":3}