{"location":[36.95623900721766,-6.25260623981373],"num":859}