{"location":[-17.956755725,-41.98131665681818],"num":44}