{"location":[36.13772850625,28.04849209375],"num":16}