{"location":[-26.122274175,27.8656683],"num":4}