{"location":[-32.92458588181818,27.825389281818182],"num":11}