{"location":[66.22406595,27.426418975],"num":4}