{"location":[61.25914346666667,27.297829516666667],"num":6}