{"location":[60.8635217,26.734757],"num":1}