{"location":[49.43342135,26.99208905],"num":2}