{"location":[46.5605695,26.9258394],"num":1}