{"location":[42.9838194,27.2785009],"num":1}