{"location":[39.53222,28.0138216],"num":1}