{"location":[38.367362633333336,27.297846293333333],"num":15}