{"location":[37.00154011290322,26.975354],"num":124}