{"location":[59.201153274999996,12.6317384],"num":4}