{"location":[58.27836919999999,11.515131677777779],"num":9}