{"location":[57.805966687499996,11.998077412499997],"num":32}