{"location":[56.241916971428566,12.33837635714286],"num":7}