{"location":[55.595916156,12.401586604000002],"num":25}