{"location":[54.1699326,12.0857178],"num":1}