{"location":[53.9641216875,11.823322725],"num":8}