{"location":[51.73639628235294,11.867973911764707],"num":17}