{"location":[51.28349029761904,11.976054209523808],"num":42}