{"location":[50.35447768539328,12.169354570224717],"num":178}