{"location":[49.60958520696768,11.473343147354836],"num":775}