{"location":[48.28141116470589,11.744083869117649],"num":68}