{"location":[47.470873638292716,11.837245509512199],"num":410}