{"location":[46.55156782275133,11.958919364021172],"num":189}