{"location":[45.764641113414655,11.617760651219507],"num":164}