{"location":[44.304484592857136,11.609579392857142],"num":28}