{"location":[43.65733625357142,12.199504207142855],"num":28}