{"location":[42.456271869811324,12.246373833962261],"num":53}