{"location":[41.885783370000006,12.510581840000002],"num":10}