{"location":[54.000593,85.5739903],"num":1}