{"location":[4.218244,101.4047045],"num":1}