{"location":[3.150347,101.58522231250001],"num":8}