{"location":[2.6130845555555555,101.88767223333333],"num":9}