{"location":[63.68920575,9.4488955],"num":4}