{"location":[63.183865170000026,8.660256573333333],"num":30}