{"location":[59.6514829,9.6308741],"num":1}