{"location":[58.930872019999995,9.35107184],"num":10}