{"location":[58.44427991428572,8.643727485714285],"num":7}