{"location":[57.3797821,9.7169211],"num":1}