{"location":[56.7974714,9.2593442],"num":1}