{"location":[56.4377529,9.4837201],"num":1}