{"location":[55.520878966666665,9.019631033333335],"num":6}