{"location":[54.49435285999999,9.38670574],"num":5}