{"location":[53.5977255,9.4355823],"num":1}