{"location":[52.02112004033151,9.485528972928172],"num":181}