{"location":[51.173103659090906,9.070665086363636],"num":22}