{"location":[50.151360805,8.857316399999998],"num":60}