{"location":[49.459384100000015,8.834023037837841],"num":74}