{"location":[48.435687042358055,9.248823056768558],"num":229}