{"location":[47.3173145583333,9.38401094125],"num":240}