{"location":[46.49093076835441,8.911294631856546],"num":474}