{"location":[45.84438775,9.182809921568632],"num":306}