{"location":[44.48800472396693,8.818694640495869],"num":121}