{"location":[42.38744683709678,9.076216648387096],"num":62}