{"location":[41.76868265774649,9.097472130985915],"num":71}