{"location":[40.28255018313253,9.540301110843371],"num":83}