{"location":[39.49360768648648,9.09166662972973],"num":37}