{"location":[43.5731851,-7.252519],"num":1}