{"location":[42.995758699999996,-7.61775905],"num":2}