{"location":[42.4347337,-7.7043298],"num":1}