{"location":[41.3053801,-7.7306587],"num":1}