{"location":[40.4779587,-7.498653],"num":1}