{"location":[40.25225849230769,-7.569206876923077],"num":13}