{"location":[39.8142055,-7.4923537],"num":1}