{"location":[39.3023146,-7.4488324],"num":1}