{"location":[37.58077191666667,-7.223643725],"num":12}