{"location":[32.6779076,-7.66276345],"num":2}