{"location":[24.76421364615384,110.49477234871793],"num":39}