{"location":[-7.719548325,110.4065715],"num":4}