{"location":[-27.467485909090907,153.02209818181817],"num":11}