{"location":[35.83554085,-78.66441805],"num":2}