{"location":[35.048262949999994,-77.8300383],"num":2}