{"location":[43.37754113333333,-77.9804069],"num":3}