{"location":[41.71386268888889,-77.66345583333333],"num":9}