{"location":[39.579675560000005,-77.66269328],"num":5}