{"location":[38.444722160000005,-78.18675392],"num":5}