{"location":[45.9187094,-66.6427362],"num":2}