{"location":[44.3029013,-88.18815760000001],"num":2}