{"location":[43.476495755555554,-88.4458263111111],"num":9}