{"location":[42.66184365714286,-88.0980625],"num":7}