{"location":[41.890947874999995,-87.7002239],"num":8}