{"location":[40.1332936,-88.22527355],"num":2}