{"location":[39.4051795,-87.405834],"num":1}