{"location":[37.9887973,-87.4815622],"num":1}