{"location":[35.90302918730158,138.7254282873016],"num":63}