{"location":[35.115337062500004,139.06839781875001],"num":16}