{"location":[-34.965825085714286,138.6469167],"num":7}