{"location":[18.5253883,73.851134],"num":1}