{"location":[34.57680154374999,-116.97705452375001],"num":80}