{"location":[34.12439937,-117.00682418250001],"num":40}