{"location":[32.85466232105263,-117.04265957631578],"num":38}