{"location":[52.9264237,-118.0134657],"num":1}