{"location":[51.231431,-117.17384795000001],"num":2}