{"location":[49.4857078,-117.38848423333333],"num":3}