{"location":[46.51765225,-117.13258843333334],"num":6}