{"location":[46.81343655,-72.09838875],"num":4}