{"location":[45.36108765038167,-72.20893048778628],"num":131}