{"location":[45.02050784470588,-71.89859843764705],"num":85}