{"location":[43.801304110204086,-71.8496184857143],"num":49}