{"location":[42.914679,-72.2005983],"num":1}