{"location":[42.37908053333333,-71.88232186666666],"num":3}