{"location":[41.8085083,-72.2922512],"num":1}