{"location":[41.13906744285714,-72.35385531428571],"num":7}