{"location":[6.36859595,-72.31433815],"num":2}