{"location":[-13.363195333333332,-72.0769706],"num":3}