{"location":[-39.34410905,-71.86761805],"num":2}