{"location":[-40.2058442,-72.2602038],"num":1}