{"location":[-41.39640906428571,-72.060850075],"num":28}