{"location":[45.7240587,-91.6778409],"num":1}