{"location":[44.0284054,-91.6265687],"num":1}