{"location":[41.6652002,-91.5825105],"num":1}