{"location":[41.2438782,-91.6928618],"num":1}