{"location":[39.1711098,-91.8642364],"num":1}