{"location":[20.0747522,-155.8549859],"num":1}