{"location":[19.691544627272727,-155.98515935454546],"num":11}