{"location":[36.1313917,-86.43250717999999],"num":5}