{"location":[33.44099036666667,-86.78503683333332],"num":3}