{"location":[32.6710486,-85.9077448],"num":1}