{"location":[42.74336755,-85.96180645],"num":2}