{"location":[40.26538475,-86.4987849],"num":2}