{"location":[39.2542593,-86.4614572],"num":4}