{"location":[34.6767824,119.75958500000002],"num":6}