{"location":[30.700643916666674,120.81924476666667],"num":18}