{"location":[24.67920392571428,121.28514402285714],"num":35}