{"location":[14.761813393749998,121.00255341249999],"num":16}