{"location":[48.4730206,-89.1982785],"num":1}