{"location":[45.13481015,-88.68599664999999],"num":2}