{"location":[40.4784363,-89.0125127],"num":1}