{"location":[41.76878284285714,-111.69652400000003],"num":7}