{"location":[41.0034332,-111.3903961],"num":1}