{"location":[40.50881158333333,-111.30595101666665],"num":6}