{"location":[40.2669252,-111.6701091],"num":1}