{"location":[39.56288421428571,-111.69046352857143],"num":7}