{"location":[39.2892489,-111.1805841],"num":1}