{"location":[37.10696725,-111.6794946],"num":2}