{"location":[35.16168505,-111.62344709999999],"num":2}