{"location":[34.3607874,-111.450253],"num":1}