{"location":[34.222153,-111.2713714],"num":1}