{"location":[33.43312105,-111.53697075],"num":2}