{"location":[51.438253333333336,-114.29752804444443],"num":9}