{"location":[49.6116549,-115.1147664],"num":1}