{"location":[46.8834045,-114.0086382],"num":1}