{"location":[42.20355588928571,-113.85320738928574],"num":28}