{"location":[45.42182256,-76.4924096],"num":5}