{"location":[42.4724668,-76.4086152],"num":1}