{"location":[41.171198249999996,-76.1906157],"num":4}