{"location":[39.31077137692308,-76.68812630769231],"num":13}