{"location":[36.97043503333333,-76.4023914],"num":3}