{"location":[44.1388066,-93.9985872],"num":1}