{"location":[42.158032866666666,-93.96148193333333],"num":3}