{"location":[36.3667634,-94.2135305],"num":1}