{"location":[32.583978,-93.7274495],"num":1}