{"location":[55.62374928333333,-1.91232905],"num":6}