{"location":[54.982269,-1.5680624],"num":2}