{"location":[54.86980110000001,-1.5509740285714284],"num":7}