{"location":[54.5323408,-1.547949],"num":1}