{"location":[53.87184315365853,-1.713487146341463],"num":41}