{"location":[53.39502086976744,-1.6110092767441861],"num":86}