{"location":[53.25786641782176,-1.6761432801980196],"num":101}