{"location":[52.641941272727266,-1.8146946909090909],"num":11}