{"location":[52.429422220000006,-1.90956196],"num":5}