{"location":[51.865736299999995,-1.9790202000000001],"num":2}