{"location":[51.5344995,-1.8434813333333333],"num":3}