{"location":[50.87722898,-1.5601018400000002],"num":5}