{"location":[50.589448659999995,-1.9993940200000002],"num":25}