{"location":[49.613781599999996,-1.5955567],"num":2}