{"location":[48.99313715,-1.52883435],"num":2}