{"location":[48.535149133333334,-1.8538547],"num":3}