{"location":[48.26956152666666,-1.82420398],"num":15}