{"location":[47.645407199999994,-1.7446932499999999],"num":4}