{"location":[47.187119556521736,-1.5600830000000003],"num":23}