{"location":[46.8911962,-1.62592315],"num":2}