{"location":[43.5810223,-1.4346584],"num":1}