{"location":[43.32870592692307,-1.780590630769231],"num":26}