{"location":[42.73747553076924,-1.7686335230769232],"num":13}