{"location":[42.3319984,-2.0705581],"num":1}