{"location":[41.8351077,-1.5256215],"num":1}