{"location":[41.49484334666667,-1.460476113333333],"num":15}