{"location":[40.8371626,-1.8859237],"num":1}