{"location":[40.21036225,-1.85697325],"num":2}