{"location":[38.5552116,-2.0706171666666666],"num":3}