{"location":[37.959031466666666,-1.5090119666666668],"num":9}