{"location":[37.6839255,-2.0994635],"num":1}