{"location":[32.0628872,118.79687515],"num":2}