{"location":[35.4651651,-97.5098536],"num":1}