{"location":[35.4601969,-97.5071432],"num":1}