{"location":[31.147738863999997,-97.757686228],"num":25}