{"location":[30.301461581818184,-97.7769594],"num":11}