{"location":[49.8463266,-97.1998806],"num":1}