{"location":[47.9022276,-97.04896],"num":1}