{"location":[42.4654364,59.6179401],"num":1}