{"location":[35.074903899999995,58.9363072],"num":4}