{"location":[25.5901395,-100.45680215],"num":2}