{"location":[22.1206782,-100.0887055],"num":2}