{"location":[19.3109184,-99.1680516],"num":1}