{"location":[48.7318835,44.5458998],"num":1}