{"location":[43.797469613333334,42.93308438],"num":15}