{"location":[42.15189500833331,43.59526149444444],"num":36}