{"location":[58.2988090875,11.457070025],"num":8}