{"location":[57.9989739875,11.817505687499997],"num":8}