{"location":[57.6407764,11.9430442],"num":1}