{"location":[55.8961958,11.6086883],"num":1}