{"location":[55.17652073333333,11.809000466666667],"num":3}