{"location":[53.88270186666667,11.587609566666666],"num":3}