{"location":[53.5984364,11.4680612],"num":1}