{"location":[52.990352,11.7589368],"num":1}