{"location":[52.15129103333334,11.649028066666666],"num":3}