{"location":[51.63343683846154,11.890962307692309],"num":13}