{"location":[50.966617433333326,11.556038222222224],"num":9}