{"location":[50.615799550000006,11.677663544444444],"num":18}