{"location":[49.992084543478256,11.413620517391303],"num":23}