{"location":[49.64010394566706,11.450108205914713],"num":727}