{"location":[49.179179753333315,11.706128493333331],"num":30}