{"location":[48.69238388888889,11.633099566666665],"num":9}