{"location":[47.65378272727275,11.590085066233765],"num":77}