{"location":[47.25203312283949,11.449921608641977],"num":162}