{"location":[46.8172848609756,11.74885884878049],"num":41}