{"location":[45.86813961588786,11.512205089719622],"num":107}