{"location":[45.41348712972974,11.555674837837838],"num":37}