{"location":[44.328892,11.50312330869565],"num":23}