{"location":[43.67953248,11.586797639999999],"num":5}