{"location":[43.328486549999994,11.321121999999999],"num":2}