{"location":[42.90338853333333,11.617001233333333],"num":3}