{"location":[42.295608849999994,11.5774382],"num":2}