{"location":[21.62066603,-102.64560020000002],"num":10}