{"location":[19.2858904,-103.735216],"num":1}