{"location":[-34.910984400000004,-56.157608100000004],"num":2}