{"location":[29.7810366,121.3383762],"num":1}