{"location":[24.925370009090912,121.41609465454547],"num":11}