{"location":[23.9023807,121.5368508],"num":1}