{"location":[14.72261275,121.1307244],"num":2}