{"location":[14.462341914285714,121.07568994285714],"num":7}