{"location":[-37.395643719999995,145.74831746],"num":5}