{"location":[35.243815885714284,127.78692049285715],"num":14}