{"location":[7.520058779999999,125.34799676],"num":5}