{"location":[65.3842538,21.3603382],"num":1}