{"location":[63.067272990000006,21.72260647],"num":10}