{"location":[60.6153203,21.55603185],"num":2}