{"location":[60.53139100909091,21.43303241818182],"num":11}