{"location":[52.2102042,21.134079099999997],"num":3}