{"location":[51.9319385,21.1980418],"num":1}