{"location":[51.0235725,21.1666939],"num":3}