{"location":[50.61952946,21.45508444],"num":5}