{"location":[50.282785499999996,21.420383466666664],"num":3}