{"location":[49.764148984090895,21.597451159090912],"num":44}