{"location":[49.00757241428572,21.284613385714284],"num":14}