{"location":[48.71496426,21.2632463],"num":5}