{"location":[48.4126252,21.6384207],"num":1}