{"location":[46.1622522,21.3187388],"num":1}