{"location":[45.76152515,21.2167618],"num":2}