{"location":[44.273904,21.53111185],"num":2}