{"location":[41.9786821,21.35146065],"num":2}