{"location":[40.7964249,21.3663391],"num":1}