{"location":[40.294229550000004,21.749974749999996],"num":6}