{"location":[39.687037638095234,21.629020714285712],"num":21}