{"location":[39.0471068,21.451311],"num":1}