{"location":[38.40376646000001,21.59810918],"num":5}