{"location":[38.1621103,21.3857984],"num":1}