{"location":[37.5180031,21.6091044],"num":1}