{"location":[-33.421184,21.204726],"num":1}