{"location":[36.44777705,-105.027304475],"num":4}