{"location":[50.4687264,-104.5574687],"num":1}