{"location":[40.210173937142855,-105.32853277904758],"num":105}