{"location":[39.27590125,-104.87256715],"num":8}