{"location":[36.65090685,-105.1011397],"num":2}