{"location":[8.4613295,-13.2523309],"num":1}