{"location":[-36.97434395,174.9631929214286],"num":14}