{"location":[-38.14089123809523,175.46517275238094],"num":21}