{"location":[-39.264620066666666,175.51772966666667],"num":3}