{"location":[63.109463,7.7883928],"num":1}