{"location":[62.475429847499996,7.795068485000003],"num":40}