{"location":[61.77876395,8.3325477],"num":2}