{"location":[61.46627338333334,7.826326733333333],"num":6}