{"location":[59.196461978750015,8.076125270000002],"num":80}