{"location":[58.15820877674418,7.969705406976746],"num":43}