{"location":[58.0406394,7.644864875],"num":4}