{"location":[53.579836,7.740452966666666],"num":3}