{"location":[52.907312875,8.1000312],"num":4}