{"location":[52.11268263076924,7.692356120512822],"num":39}