{"location":[51.284589701298714,7.610991512987015],"num":77}