{"location":[50.253247289130435,7.730994098913045],"num":92}