{"location":[49.183982974333354,7.819509150333333],"num":300}