{"location":[48.51056519816513,7.7490890495412845],"num":109}