{"location":[47.4565879009662,7.632799895169078],"num":207}