{"location":[46.52718076423355,7.775142758029195],"num":274}