{"location":[45.55108783175359,7.544195652132701],"num":422}