{"location":[44.26635577214957,8.075241622242986],"num":535}