{"location":[43.816074102564095,7.320167943589743],"num":39}