{"location":[-6.892976166666666,112.03423256666667],"num":3}