{"location":[55.1429449,61.3476472],"num":2}