{"location":[7.144831433333334,125.68685113333333],"num":3}