{"location":[62.4700401,6.1838977],"num":1}