{"location":[59.8940749,5.9341465499999995],"num":2}