{"location":[59.8765441,5.951553533333333],"num":3}