{"location":[59.380269,6.303172],"num":1}