{"location":[58.901128791457246,5.944161269849246],"num":199}