{"location":[58.671907611320755,5.989772418867926],"num":53}