{"location":[53.08590005,5.879733825],"num":4}