{"location":[52.491255699999996,6.1139057],"num":2}