{"location":[52.262357900000005,5.982007175],"num":4}