{"location":[51.91014404285714,5.871491514285714],"num":7}