{"location":[51.39542595,6.130448933333334],"num":6}