{"location":[50.886173057142855,5.877753128571428],"num":7}