{"location":[50.54071583571427,5.845319007142856],"num":14}