{"location":[49.556854120000004,5.99472534],"num":10}