{"location":[49.25552320833334,6.110824524999999],"num":12}