{"location":[48.68190963333333,6.1379941],"num":3}