{"location":[48.18376933333334,5.881770666666665],"num":3}