{"location":[47.6250406,6.130259733333333],"num":3}