{"location":[47.184115706060616,6.064023351515151],"num":33}