{"location":[46.80292272,5.882140526666666],"num":15}