{"location":[46.27725258906248,6.047905046875001],"num":64}