{"location":[45.809912490804614,6.065304525287355],"num":87}