{"location":[45.260736850318466,5.838425573248405],"num":157}