{"location":[44.85778854310344,6.031183648275863],"num":58}