{"location":[44.358649168181834,5.905021825],"num":44}