{"location":[43.821557449122814,6.104480377192981],"num":57}