{"location":[43.271280817948714,5.88366307948718],"num":39}