{"location":[55.62994207391304,37.607630813043485],"num":23}