{"location":[50.6107336,36.5801492],"num":1}