{"location":[48.7178491,37.5500666],"num":1}