{"location":[47.1249337,37.53678295],"num":2}