{"location":[47.5039341,-111.296574],"num":1}