{"location":[43.69868497,-110.79834837000001],"num":10}