{"location":[41.5811622,-111.72564741818182],"num":11}