{"location":[40.23013900000001,-111.52700268214286],"num":28}