{"location":[37.1820283625,-110.67597855000001],"num":8}