{"location":[33.144111624,-111.30878689999997],"num":25}