{"location":[49.0288886,-119.4420386],"num":1}