{"location":[37.86424698793104,-119.40637271896553],"num":58}