{"location":[37.612038500000004,-119.01117786666667],"num":3}