{"location":[37.03231578,-119.39394652000001],"num":5}