{"location":[34.47047,-119.2513536],"num":1}