{"location":[44.08257995443038,-121.47321230000003],"num":79}