{"location":[38.06691342219778,-120.32674366131877],"num":455}