{"location":[35.401272212162176,-120.03141763513516],"num":74}