{"location":[68.36302243333334,17.466239700000003],"num":3}