{"location":[59.68680790769231,17.670569769230767],"num":13}