{"location":[59.3585525875,17.9474942],"num":40}