{"location":[54.42349565,17.2707761],"num":2}