{"location":[53.0961091,17.614881099999998],"num":3}