{"location":[52.34315252727272,17.030475545454546],"num":11}