{"location":[51.16272907333334,17.095678353333334],"num":15}