{"location":[49.52226133058829,17.673296340235293],"num":425}