{"location":[48.47355424418603,17.561805969767434],"num":43}