{"location":[47.221360207142865,17.891046985714286],"num":14}