{"location":[46.83046485,17.52892525],"num":2}