{"location":[44.603902227272734,17.104474863636366],"num":11}