{"location":[43.40871975999999,17.534889025000002],"num":20}