{"location":[42.936066833333335,17.305934800000003],"num":3}