{"location":[40.548447830769234,17.317427961538463],"num":13}