{"location":[34.443696474999996,132.762925825],"num":4}