{"location":[42.92664995,133.06543299999998],"num":2}