{"location":[40.8049676,-96.5577809],"num":1}