{"location":[36.1497022,-96.3856138],"num":2}