{"location":[30.1684601,-96.4275676],"num":1}