{"location":[59.256206816666655,5.506481383333334],"num":12}