{"location":[52.635773,4.7549314],"num":3}