{"location":[50.366074175,4.923663576886793],"num":212}