{"location":[45.905557028000004,4.486429298222222],"num":225}