{"location":[43.71115565785207,4.841218693718341],"num":987}