{"location":[42.1152822,2.9596491950000003],"num":20}