{"location":[39.7294020076923,3.5416891179487173],"num":39}