{"location":[57.713195025,-4.295602225],"num":4}