{"location":[56.32623619999999,-3.8310390953488365],"num":43}