{"location":[54.59453777659575,-3.2857088765957436],"num":47}