{"location":[53.21506145128204,-3.658607456410257],"num":39}