{"location":[51.557347957419346,-3.951221262580643],"num":155}