{"location":[50.391212939999996,-4.58341308],"num":30}