{"location":[48.40027292999999,-4.061681156666667],"num":30}