{"location":[43.322582160526316,-3.768102502631579],"num":38}