{"location":[42.47922803939393,-4.187479518181818],"num":33}