{"location":[40.39353977978724,-3.9969484585106376],"num":94}