{"location":[36.28626071428572,-4.99409507142857],"num":7}