{"location":[37.796395849999996,-25.673580200000004],"num":2}