{"location":[-13.188819413636365,-40.49114563181819],"num":22}