{"location":[13.5222808,124.2136006],"num":1}