{"location":[60.6400445,6.5023019],"num":1}