{"location":[60.3780028,6.7270611],"num":1}