{"location":[58.938475800000006,6.5842414694444455],"num":36}