{"location":[58.706994675,6.548721275],"num":4}