{"location":[58.31650766,6.442586350000001],"num":10}