{"location":[58.0426186,6.9876038],"num":1}