{"location":[53.173383460000004,6.60267492],"num":5}