{"location":[52.640638,6.549379399999999],"num":3}