{"location":[52.22897431818182,6.897768536363636],"num":11}