{"location":[51.79122387500001,6.7277265],"num":4}