{"location":[51.374784827999996,6.789829792000001],"num":25}