{"location":[51.00288355000001,6.826720681818181],"num":22}