{"location":[50.61352456666667,6.5425432407407405],"num":27}