{"location":[49.722556716666666,6.506869570833332],"num":24}