{"location":[49.258171425,6.9170778875000005],"num":8}