{"location":[48.5349251,6.7220244000000005],"num":2}