{"location":[48.07173033913043,6.825853617391305],"num":23}