{"location":[47.754609499999994,6.850720666666666],"num":15}