{"location":[47.28922706969696,6.643309496969697],"num":33}