{"location":[46.833707495999995,6.581585284],"num":25}