{"location":[46.26637317411767,6.800608612941174],"num":170}