{"location":[45.91229067926269,6.767249433179718],"num":217}