{"location":[45.25609712419355,6.777384399999996],"num":186}