{"location":[44.84931854015748,6.577069384251966],"num":127}