{"location":[44.408325808450705,6.658284650704223],"num":71}