{"location":[43.79322231827958,6.532579186021505],"num":93}