{"location":[43.47390147333333,6.768111393333333],"num":15}