{"location":[25.854203,114.9176659],"num":1}