{"location":[23.7549203,114.7356316],"num":1}