{"location":[22.299232125333333,114.17653439333336],"num":75}