{"location":[-0.424226,114.4337413],"num":1}