{"location":[-8.6139958,115.16288043333333],"num":3}