{"location":[66.54375425,25.7950602],"num":2}