{"location":[65.1116978,25.6107346],"num":1}