{"location":[65.0452664,25.4344181],"num":1}