{"location":[62.20077837647059,25.790505464705877],"num":17}