{"location":[60.96869,25.47143],"num":1}