{"location":[56.8994436,25.6963912],"num":1}