{"location":[49.5299994,25.6034982],"num":1}