{"location":[46.812100799999996,25.821875],"num":2}