{"location":[45.648899,25.575040933333334],"num":9}