{"location":[45.452528488888895,25.524690544444447],"num":9}