{"location":[42.6315275,25.5481667],"num":1}