{"location":[42.43957068,25.55239628],"num":5}