{"location":[-33.379118,25.459373],"num":1}