{"location":[-33.93271789999999,25.537296299999998],"num":6}