{"location":[28.027159580952382,-15.595592580952385],"num":21}