{"location":[36.0643159,127.21370675],"num":2}