{"location":[35.163128066666665,127.25975770000001],"num":3}