{"location":[26.4934570375,127.859105825],"num":8}