{"location":[18.76517365,98.98902824999999],"num":2}