{"location":[8.4338522,98.517977],"num":1}