{"location":[68.44162365,17.44246905],"num":2}