{"location":[68.20582,17.513781],"num":1}