{"location":[62.3673856,17.322926666666664],"num":3}