{"location":[59.57755246666667,17.5037351],"num":3}