{"location":[59.0648306,17.1559454],"num":1}