{"location":[54.6619938,17.0466038],"num":1}