{"location":[54.1849975,17.4949484],"num":1}