{"location":[52.9897625,16.9237781],"num":1}