{"location":[52.410410809999995,16.95150727],"num":10}