{"location":[51.284855719999996,17.199562000000004],"num":5}