{"location":[51.10166575,17.04373653],"num":10}