{"location":[50.34569034160584,16.98162891386862],"num":137}