{"location":[49.94157050754718,17.17193923018868],"num":53}