{"location":[49.57063809759035,17.268706439759033],"num":83}