{"location":[49.11065064657533,17.295654289041096],"num":73}