{"location":[48.55074888461539,17.420843984615384],"num":13}