{"location":[48.20407637692309,17.1185689],"num":13}