{"location":[46.7718227,17.1677425],"num":1}