{"location":[44.70793005,17.1836574625],"num":8}