{"location":[44.32649469999999,16.893321266666664],"num":3}