{"location":[43.8308182,17.0122753],"num":1}