{"location":[43.349571700000006,16.987044028571425],"num":7}