{"location":[42.9865018,17.133758200000003],"num":2}