{"location":[40.59171586363637,17.182368518181818],"num":11}