{"location":[-22.5832608,17.0953617],"num":1}