{"location":[-22.6841767,17.1153604],"num":1}