{"location":[-22.24340995,166.46909540000001],"num":2}