{"location":[44.2950496,-78.3244928],"num":1}