{"location":[43.8983564,-78.6620235],"num":1}