{"location":[42.74356655,-78.3252798],"num":2}