{"location":[40.9941466,-78.5919327],"num":1}