{"location":[38.9463671,-78.3030505],"num":1}