{"location":[38.6652706,-78.4841578],"num":1}