{"location":[38.15501385,-78.51583455],"num":2}