{"location":[35.343649,-78.2663706],"num":1}