{"location":[-0.2077196,-78.4551048],"num":2}