{"location":[-0.8026757,-78.389562],"num":1}