{"location":[62.90749561683165,8.62904746930693],"num":101}