{"location":[59.23436159766906,7.487485563869465],"num":429}