{"location":[58.20560415693429,7.281124065693431],"num":137}