{"location":[53.7416027122222,9.132893283333335],"num":90}