{"location":[50.565690432045265,8.85855042045303],"num":1501}