{"location":[46.533111790188705,8.628334747980666],"num":4556}