{"location":[44.04239315800248,7.991705505377717],"num":1562}