{"location":[39.89268066978416,9.307307877697841],"num":139}