{"location":[37.9413421,58.395216],"num":1}