{"location":[-34.545126366666665,-58.48059078888889],"num":9}