{"location":[-37.93042483333333,-57.94828763333334],"num":3}