{"location":[35.548743925,114.15905063750002],"num":8}