{"location":[22.700187988659792,114.0079695731959],"num":97}