{"location":[-2.588830775,114.55701245],"num":4}