{"location":[-8.142780029999999,114.47415598],"num":10}