{"location":[-4.2257317,-38.9223074],"num":1}