{"location":[51.092838,2.6114936],"num":1}