{"location":[50.438237433333335,2.646035],"num":3}