{"location":[50.27900845,2.7693942000000003],"num":4}