{"location":[49.4724167,2.7816156000000003],"num":2}