{"location":[49.03765428500001,2.43841107],"num":20}