{"location":[48.75217823999999,2.350917563124999],"num":160}