{"location":[48.377257582730884,2.5900489321285147],"num":249}