{"location":[46.43464905,2.3889283499999996],"num":4}