{"location":[45.9292631,2.2079275],"num":1}