{"location":[45.24068595714285,2.542537242857143],"num":7}