{"location":[44.9332729,2.6559652700000003],"num":10}