{"location":[43.851134566666666,2.2897568],"num":9}