{"location":[43.37527209999999,2.551785255555556],"num":9}