{"location":[42.82874084666666,2.6290900600000002],"num":15}