{"location":[42.360143672727276,2.332113990909091],"num":11}