{"location":[41.72469118461538,2.3759455269230774],"num":26}