{"location":[41.405924137499994,2.163924395833333],"num":24}