{"location":[39.68511503513515,2.6612270405405405],"num":37}