{"location":[43.1783124,140.9222196],"num":1}