{"location":[42.5685728,140.9416592],"num":3}