{"location":[37.433267650000005,140.78455025],"num":2}