{"location":[-15.9974990368421,-46.53556242631579],"num":19}