{"location":[-23.40005454683544,-46.651830808860744],"num":79}