{"location":[40.26867518666667,116.44803146222225],"num":45}