{"location":[34.798573000000005,116.0978336],"num":2}