{"location":[-31.874118600000003,115.90160696666668],"num":3}