{"location":[65.1090937,-21.030100124999997],"num":4}