{"location":[32.0544677,118.7600143],"num":1}