{"location":[39.2062991,-104.74496783333335],"num":3}