{"location":[27.0907444,-103.982702],"num":1}