{"location":[23.1387853,-102.9481015],"num":1}