{"location":[20.7965715,-103.3912781],"num":2}