{"location":[36.11564369166667,138.79321331666668],"num":12}