{"location":[35.150278328571424,139.06296132857145],"num":14}