{"location":[34.8707482,139.10645325],"num":2}