{"location":[-34.856378,138.6584208],"num":1}