{"location":[-34.984066266666666,138.64499935],"num":6}