{"location":[45.042046813526234,-0.9173408366667514],"num":47929}