{"location":[63.40055491,12.972786375000002],"num":20}