{"location":[56.08016891999999,13.115716279999997],"num":5}