{"location":[55.651861000000004,13.098186816666667],"num":6}