{"location":[53.51339803333334,13.038505833333334],"num":3}