{"location":[53.163898933333336,13.0031989],"num":3}