{"location":[52.57594623750001,13.252367237500003],"num":16}