{"location":[52.38103831250001,13.1234775625],"num":16}