{"location":[51.6867112,13.2454767],"num":1}