{"location":[51.364736029999996,12.74078606],"num":10}