{"location":[51.00409886734694,12.862042914285714],"num":98}