{"location":[50.41781579505984,13.150945996407179],"num":668}