{"location":[50.05826464859369,13.067936556875],"num":640}