{"location":[49.6997899707317,13.009946267479675],"num":123}