{"location":[49.14430068536584,12.939590370731707],"num":41}