{"location":[48.84444324,12.96783816],"num":5}