{"location":[48.225028925000004,12.866464274999998],"num":4}