{"location":[47.6537150989899,12.976066191919198],"num":99}