{"location":[47.33434607049181,13.143157152459013],"num":61}