{"location":[46.753306655263145,12.87032456052632],"num":76}