{"location":[46.3219875175,13.023712540000002],"num":40}