{"location":[45.8973886,12.983385733333334],"num":3}