{"location":[45.5720923,12.8213887],"num":1}