{"location":[43.65536203333334,12.731171033333334],"num":3}