{"location":[43.37794806071429,12.987580975],"num":28}