{"location":[42.72837229333334,12.890251846666668],"num":15}