{"location":[42.32005911578947,12.975028810526316],"num":19}