{"location":[41.71529663333333,13.018144280952383],"num":42}