{"location":[41.34092493333333,13.174673226666666],"num":15}