{"location":[38.152126448333334,12.828996278333335],"num":60}