{"location":[-31.1928635,-64.29967855],"num":6}