{"location":[44.522874407228905,-63.71991499638556],"num":83}