{"location":[31.97684685,104.7937608],"num":2}