{"location":[42.6278548,-82.8963886],"num":1}