{"location":[38.65248006666667,-82.60818366666666],"num":3}