{"location":[35.092738,-82.4053851],"num":2}