{"location":[34.8596013,-82.51830774999999],"num":2}