{"location":[29.5357089,-82.314675],"num":1}