{"location":[27.97036545,-82.654607],"num":2}