{"location":[43.0510696,141.3843711],"num":1}