{"location":[-37.682753198113204,144.88117438113207],"num":53}