{"location":[-42.2691806,145.8303335],"num":1}