{"location":[6.7549135,-7.3679611],"num":1}