{"location":[55.090108425,-8.3776794],"num":4}