{"location":[54.179152599999995,-7.95297465],"num":2}