{"location":[52.572725399999996,-7.345891066666667],"num":3}