{"location":[43.45930356666667,-8.15430691111111],"num":9}