{"location":[42.808750366666665,-7.646615966666666],"num":3}