{"location":[41.25885358387096,-8.26784337419355],"num":62}