{"location":[40.21890738846153,-7.84978525],"num":26}