{"location":[39.55826005,-7.47059305],"num":2}