{"location":[37.43412783888889,-7.487683394444444],"num":18}