{"location":[50.07255935833334,-66.72642719583332],"num":24}