{"location":[47.8758269,-65.88465065],"num":2}