{"location":[45.8107196,-65.95659162],"num":5}