{"location":[-18.49196116666667,-65.54626703333334],"num":3}