{"location":[68.9580477,20.9308084],"num":1}