{"location":[65.78821,20.6913131],"num":1}