{"location":[53.0258333,20.90542855],"num":2}