{"location":[52.216522925000014,20.951477508333337],"num":24}