{"location":[52.0029275,20.802326],"num":1}