{"location":[50.87939822571429,20.494114094285717],"num":35}