{"location":[50.0062076,20.9760833],"num":1}