{"location":[49.65818499999999,20.758034853333335],"num":15}