{"location":[49.05769006666667,20.783065516666664],"num":6}