{"location":[48.67252702000001,20.80383855333333],"num":15}