{"location":[48.1224341,20.58031956666667],"num":6}