{"location":[47.9829611,20.4390162],"num":1}