{"location":[44.794199362499995,20.4367030875],"num":8}