{"location":[39.735876,20.4534817],"num":1}