{"location":[51.653955,-117.4505504],"num":1}