{"location":[49.3261856,-117.6238176],"num":2}