{"location":[47.5994291,-117.4254035],"num":1}