{"location":[36.604046,-118.1247917],"num":1}