{"location":[36.586256000000006,-118.11526954000001],"num":5}