{"location":[34.9224234,-117.9085907],"num":1}