{"location":[33.9461767,-117.4461529],"num":1}