{"location":[47.856484287499995,-70.97754722500001],"num":8}