{"location":[45.50411027565788,-72.17807651447373],"num":152}