{"location":[44.2238717548077,-72.11791899903844],"num":312}