{"location":[42.2441232767544,-71.60992173333335],"num":228}