{"location":[40.9609892,-72.7723716],"num":1}