{"location":[-14.213090255555556,-71.42258238888888],"num":9}