{"location":[-33.39608659411765,-70.75470957647059],"num":34}