{"location":[-35.72121998888889,-71.5696975],"num":9}