{"location":[-36.7455916,-73.009372775],"num":4}