{"location":[-39.9154566,-71.91051602499999],"num":4}