{"location":[-41.43559716756758,-71.9886943054054],"num":37}