{"location":[66.70466793333334,26.2763575],"num":3}