{"location":[66.36187716666667,26.200879350000008],"num":12}