{"location":[65.0784821,25.52257635],"num":2}