{"location":[62.26105137727274,25.87375423181818],"num":22}