{"location":[61.083609858333325,26.860273941666666],"num":12}