{"location":[58.04032325,26.76728435],"num":2}