{"location":[56.699451966666665,26.2826661],"num":3}