{"location":[54.897053650000004,26.6266633],"num":2}