{"location":[53.837034225,27.605386706250002],"num":16}