{"location":[50.7828581,25.3663453],"num":1}