{"location":[49.758541025,26.44905105],"num":4}