{"location":[47.4624067,27.118158800000003],"num":2}