{"location":[45.724728663636355,25.667388686363633],"num":22}