{"location":[42.131884289999995,25.67961992],"num":10}