{"location":[40.61024485,26.16189435],"num":4}