{"location":[37.148931032374094,27.0101553266187],"num":139}