{"location":[36.07715277647059,27.912379423529416],"num":17}