{"location":[-33.26954086,26.78671214],"num":25}