{"location":[21.826689662499998,-102.45918072500001],"num":8}