{"location":[57.8465556,39.5703322],"num":1}