{"location":[56.04741215,40.63628515],"num":2}