{"location":[53.21264,39.579198399999996],"num":2}