{"location":[43.65134066190475,40.04382939047619],"num":21}