{"location":[25.189630516666668,102.47591299999999],"num":6}