{"location":[25.06673704615384,102.60443718461536],"num":13}