{"location":[17.9415385,102.6476796],"num":1}