{"location":[2.192898,102.2367104],"num":1}