{"location":[1.4916253,102.1270572],"num":1}