{"location":[36.29543845,44.13405055],"num":2}