{"location":[43.4953907,43.6285537],"num":1}