{"location":[42.631662250000005,44.610299499999996],"num":2}