{"location":[41.71342981666666,44.77253533333334],"num":6}