{"location":[40.72368750277778,44.85785652222222],"num":36}