{"location":[36.6506631,44.5440119],"num":1}