{"location":[-29.364522133333338,-52.14944873333334],"num":3}