{"location":[-22.8139508,-47.0716383],"num":1}