{"location":[-23.596810760000004,-46.67446224],"num":5}