{"location":[50.74609623347951,7.795654006237818],"num":2052}