{"location":[45.57463126249275,6.807174872209119],"num":8913}