{"location":[39.782071714462795,6.396115690082644],"num":242}