{"location":[62.958111356603766,8.682717505660374],"num":106}