{"location":[59.01815168370124,7.3576611382003385],"num":589}