{"location":[63.9970385,20.0278361],"num":1}