{"location":[63.7746884,20.19599],"num":1}