{"location":[52.5398936,19.7061406],"num":1}