{"location":[52.2142933,20.2398673],"num":1}