{"location":[51.76242,20.320281],"num":1}