{"location":[51.5268025,20.2509759],"num":1}