{"location":[50.326521936585365,19.836965704878054],"num":41}