{"location":[50.16251403294579,19.764142168604653],"num":774}