{"location":[49.5124332,20.112538433333334],"num":12}