{"location":[49.20654161071428,20.091476746428572],"num":28}