{"location":[48.79551032,20.0980835],"num":5}