{"location":[48.0454378,20.3747806],"num":1}