{"location":[47.9224933,20.3722706],"num":1}