{"location":[46.678463,20.2114461],"num":1}