{"location":[46.2359378,20.1405606],"num":1}