{"location":[45.2511528,19.847880566666667],"num":3}