{"location":[44.8010563,20.3839516],"num":1}