{"location":[44.19060455,19.96045445],"num":2}