{"location":[43.851990425,19.8216942],"num":4}