{"location":[42.8315362,19.825046025],"num":4}