{"location":[42.471513099999996,19.800502799999997],"num":2}