{"location":[41.41105248,19.86659718],"num":5}