{"location":[39.48636666666667,20.0651967],"num":3}