{"location":[-33.7178449,19.9839186],"num":1}