{"location":[55.2645671,59.4643217],"num":1}