{"location":[-43.43837270000001,171.3898257228571],"num":35}