{"location":[-19.40618703333333,168.60525026666667],"num":3}