{"location":[47.57193632631579,-120.73135016052633],"num":38}