{"location":[47.4426589,-120.3193268],"num":1}