{"location":[46.691619200000005,-120.7494418],"num":4}