{"location":[46.5576175,-120.4760585],"num":1}