{"location":[39.443281157142856,-120.65848507142857],"num":7}