{"location":[38.67063794210526,-120.63342625263155],"num":19}