{"location":[37.9074237,-120.5582115],"num":1}