{"location":[37.5266606,-120.8499885],"num":1}