{"location":[35.301029199999995,-120.70231868],"num":5}