{"location":[52.28596559259259,4.642305437037037],"num":27}