{"location":[51.95585244615384,4.427023130769231],"num":13}