{"location":[51.42108509090909,4.575022918181818],"num":11}