{"location":[50.92559390625,4.456723084375],"num":32}