{"location":[50.454668930434785,4.671879178260869],"num":23}