{"location":[50.175335100000005,4.819571255],"num":40}