{"location":[48.9583869,4.335722],"num":1}