{"location":[48.71226586666668,4.609086966666667],"num":3}