{"location":[48.2940931,4.5175829499999995],"num":2}