{"location":[47.6265846,4.3471594],"num":1}