{"location":[47.263723644,4.71750118],"num":25}