{"location":[46.837185344444435,4.686998244444444],"num":27}