{"location":[45.809724977142864,4.709155125714285],"num":35}