{"location":[45.38910603125,4.557324496875],"num":32}