{"location":[44.778490965217394,4.464440104347826],"num":23}