{"location":[43.853976090625004,4.6870139625],"num":32}