{"location":[39.844943775000004,4.302149275],"num":4}