{"location":[55.53516790399999,37.62140877200001],"num":25}