{"location":[50.7606467,37.09494894],"num":5}