{"location":[47.423343466666665,36.970210144444444],"num":9}