{"location":[44.39692336521738,36.46881643333332],"num":69}