{"location":[37.8159388,35.66097403333333],"num":3}