{"location":[29.74875355121951,34.86243976341463],"num":41}