{"location":[-0.7034245499999999,37.06400635],"num":2}