{"location":[54.643990971875,37.661511275],"num":32}