{"location":[43.97235945454544,39.40084503636362],"num":154}