{"location":[37.26365229142857,40.815202234285714],"num":70}