{"location":[29.571811530952385,34.96314539047619],"num":42}