{"location":[21.6988414,39.3468021],"num":1}