{"location":[8.426784033333334,38.7378948],"num":3}