{"location":[-13.9367799,33.7762159],"num":1}