{"location":[56.42632867586206,37.847987682758614],"num":29}