{"location":[38.89246854285715,-9.438186142857143],"num":7}