{"location":[38.6190970710145,-9.325176465217387],"num":69}