{"location":[33.7241021,72.9533239],"num":1}