{"location":[60.8771312,5.5865788],"num":1}