{"location":[60.40308338,5.235275110000002],"num":10}