{"location":[59.304596842857144,5.507055085714286],"num":7}