{"location":[59.085512349999995,5.579733324999999],"num":4}