{"location":[52.16488052857143,5.099134007142857],"num":14}