{"location":[51.871226899999996,5.1867851],"num":2}