{"location":[51.451256711111114,5.2288050722222215],"num":18}