{"location":[50.97919249999999,5.334554177777777],"num":9}