{"location":[50.46117136166667,5.2973391874999995],"num":120}