{"location":[50.22969045999999,5.12403306],"num":5}