{"location":[48.84457112500001,5.54172615],"num":4}