{"location":[48.178714033333335,5.1501193],"num":3}