{"location":[47.786140350000004,5.389502233333334],"num":6}