{"location":[47.280083395238094,5.064091071428573],"num":21}