{"location":[46.785483875000004,5.4645424],"num":8}