{"location":[46.17888944999999,5.308364166666667],"num":6}