{"location":[45.741690166666665,5.1954198481481475],"num":27}