{"location":[45.25101982222222,5.470448744444444],"num":9}