{"location":[44.917024993220366,5.378536347457627],"num":59}