{"location":[44.24779147959185,5.176975106122448],"num":49}