{"location":[43.233175531000036,5.446659834199999],"num":500}