{"location":[10.0895275,76.3974944],"num":1}