{"location":[34.75455537142857,-98.724683],"num":7}