{"location":[30.0548005,-98.6874903],"num":2}