{"location":[29.444415,-98.47915545000001],"num":2}