{"location":[19.5392325625,-99.31358196249998],"num":16}