{"location":[-22.899346156249994,-43.1596322125],"num":16}