{"location":[-32.8845283,151.6219525],"num":1}