{"location":[-33.840425399999994,151.2060874],"num":9}