{"location":[34.3047889,48.8421222],"num":1}