{"location":[6.2388891,-75.59489339999999],"num":2}