{"location":[4.574502300000001,-75.368309975],"num":4}