{"location":[46.2525568,-74.67232965],"num":4}