{"location":[45.837339107692316,-74.9296945],"num":13}