{"location":[43.0459757,-75.12826235],"num":2}