{"location":[40.33783956111112,-75.23515951111112],"num":18}