{"location":[20.758710775,107.044430425],"num":8}