{"location":[10.519468739999999,107.11910864000001],"num":5}