{"location":[-6.3103111,107.0000853],"num":1}