{"location":[57.6461369,-3.3151036],"num":1}