{"location":[56.450989299999996,-3.139613466666667],"num":3}