{"location":[55.96596891818182,-3.272164081818182],"num":11}