{"location":[54.71128704,-3.01223742],"num":5}