{"location":[54.462042116216224,-3.1881322486486487],"num":37}