{"location":[53.9628726,-2.879862033333333],"num":3}