{"location":[53.39979945,-2.9784375499999998],"num":4}