{"location":[53.2980254,-3.1677095],"num":2}