{"location":[52.79740998,-3.0063793199999997],"num":5}