{"location":[51.6841938846154,-3.271795261538462],"num":13}