{"location":[51.516147922222224,-3.2633965222222217],"num":9}