{"location":[50.98430725,-3.4853204],"num":2}