{"location":[47.8537117,-3.2147225],"num":1}