{"location":[43.353091775,-3.00327777],"num":20}