{"location":[42.7921767,-3.211024033333333],"num":3}