{"location":[42.4182565,-2.9604124],"num":1}