{"location":[40.4751604,-3.4218153],"num":3}