{"location":[40.3716931,-3.4825682],"num":1}