{"location":[38.0083954,-3.3781615],"num":1}