{"location":[37.1869006,-3.484249],"num":1}