{"location":[37.06290096666667,-3.2390370666666666],"num":3}