{"location":[53.822901,39.5448794],"num":1}