{"location":[47.235083566666674,39.91930463333333],"num":3}