{"location":[43.55290426,39.834704606666676],"num":15}