{"location":[36.11379,128.6261775],"num":3}