{"location":[35.114652425,128.471994075],"num":4}