{"location":[58.158009575,82.600972775],"num":4}