{"location":[45.52355291111111,75.6498937962963],"num":27}