{"location":[30.10241143913043,78.39288952173912],"num":23}