{"location":[15.000429948484848,76.49486712121211],"num":33}