{"location":[52.561878634422406,-2.8698544402567094],"num":857}