{"location":[44.139890929219646,-3.027491570780399],"num":551}