{"location":[38.590621177777756,-4.552871286419748],"num":729}