{"location":[30.99401944,-7.946632919999999],"num":5}