{"location":[56.48609770555555,-3.837833375925924],"num":54}