{"location":[34.440017999999995,-118.880082],"num":2}