{"location":[34.17219482,-118.39679268799999],"num":25}