{"location":[46.03560589999999,-118.93275215],"num":2}