{"location":[37.32327994102564,-118.6226539846154],"num":39}