{"location":[-31.3318244,148.9868984],"num":2}