{"location":[19.62234934583333,-155.92322120833333],"num":24}