{"location":[-14.5758172,-47.6427819],"num":2}