{"location":[-22.611657133333335,-47.2937886],"num":3}