{"location":[-23.546159885714285,-46.885646671428574],"num":7}