{"location":[-19.3139926,146.8211194],"num":1}