{"location":[-27.745539729166676,152.63316091250002],"num":24}