{"location":[-34.05322449264706,150.05899111176473],"num":68}