{"location":[35.77306702,51.43278571999999],"num":5}