{"location":[57.989320500000005,56.04882859999999],"num":2}