{"location":[54.270343937499995,55.539671424999995],"num":8}