{"location":[34.90902282727273,51.492121281818186],"num":11}