{"location":[29.466843349999998,55.154408000000004],"num":2}