{"location":[25.18903011764706,55.90461777058824],"num":17}