{"location":[56.82438538,60.61545824000001],"num":5}