{"location":[61.6368648,-6.7126577],"num":1}