{"location":[57.3152865,-6.217109349999999],"num":2}