{"location":[53.718762298387084,-6.782405037096777],"num":62}