{"location":[50.77750464878049,-6.432508092682927],"num":41}