{"location":[41.96542586608696,-7.784278827826086],"num":115}