{"location":[38.824922756,-8.496136626666667],"num":225}