{"location":[35.87935710468749,-5.836975932812499],"num":64}