{"location":[30.5951481,-9.513030733333332],"num":3}