{"location":[64.303363,-21.6342778],"num":1}