{"location":[64.0291902,-21.5370219],"num":1}