{"location":[43.0576538875,75.34853715],"num":8}