{"location":[32.80482753333333,76.5323348],"num":6}