{"location":[28.47422264444445,76.75666186666666],"num":9}