{"location":[60.9396947,26.2643475],"num":1}