{"location":[60.8921837,26.688591899999995],"num":3}