{"location":[57.2774242,26.5693019],"num":1}