{"location":[54.6405944,26.4019635],"num":1}