{"location":[50.637322,26.2085279],"num":1}