{"location":[47.7434463,26.6368578],"num":1}