{"location":[45.8464121,26.2153784],"num":1}