{"location":[-31.771751000000002,26.172217500000002],"num":2}