{"location":[-33.31757306666667,26.40208326666667],"num":6}