{"location":[44.637560750000006,-64.1442453],"num":2}