{"location":[-31.001697766666666,-64.3724757],"num":3}