{"location":[-31.384029233333333,-64.22688140000001],"num":3}