{"location":[57.472849499999995,-4.2422123],"num":2}