{"location":[56.6476916,-4.8958847],"num":1}