{"location":[55.91042317142857,-4.359666142857143],"num":7}