{"location":[55.7717421,-4.4334534],"num":1}