{"location":[54.1477509,-4.5023024],"num":1}