{"location":[51.673230624999995,-4.3411584874999996],"num":8}