{"location":[51.559451682352936,-4.273912782352942],"num":51}