{"location":[50.57853875,-4.44460215],"num":4}