{"location":[43.25653233571428,-4.708869942857143],"num":14}