{"location":[40.111304950000005,-4.695365],"num":2}