{"location":[37.9044074,-4.7586774],"num":1}