{"location":[36.91056756666668,-4.673210631481481],"num":54}