{"location":[36.549334800000004,-4.808084533333333],"num":3}