{"location":[49.6864374,-115.9830883],"num":1}