{"location":[45.82097261,-115.85335148999998],"num":10}