{"location":[36.144628844099394,-115.44637848136658],"num":161}