{"location":[47.98997176666666,-79.21852145555555],"num":9}