{"location":[43.68259133636364,-79.69360611212119],"num":33}