{"location":[41.78072095384615,-80.66188656153847],"num":13}