{"location":[40.368849960000006,-79.98172081999999],"num":5}