{"location":[37.876390857894734,-80.77871553684211],"num":19}