{"location":[35.58437773076923,-79.89798333846154],"num":13}