{"location":[33.17035263333333,-80.77516626666666],"num":6}