{"location":[28.37659073333333,-81.02918905],"num":6}