{"location":[26.291779866666662,-80.18700890000001],"num":3}