{"location":[-1.3771754555555555,-79.36277815555556],"num":9}