{"location":[59.82532377391304,5.392048108695652],"num":23}