{"location":[52.643479000000006,2.8209307166666666],"num":6}