{"location":[50.72369893296707,4.090355736043954],"num":455}