{"location":[47.69201423895291,3.0013762387434517],"num":955}