{"location":[43.40311924755436,3.2675533786956534],"num":1840}