{"location":[39.66473102549019,2.3924159686274518],"num":102}