{"location":[30.61728375,104.18711569999999],"num":2}