{"location":[10.6169572,104.243735],"num":1}