{"location":[0.8497041,104.6029251],"num":1}