{"location":[50.065385500000005,-107.0321764],"num":2}