{"location":[43.097001993750006,-109.09099407916666],"num":48}