{"location":[38.710285303960426,-106.86479510767323],"num":404}