{"location":[30.569052146153847,-105.84987162307691],"num":13}