{"location":[21.3370184,-102.9538402],"num":12}