{"location":[44.746556,-85.0051754],"num":1}