{"location":[39.407493666666674,-84.45983793333333],"num":3}