{"location":[39.2216466,-84.4765141],"num":2}