{"location":[35.53822483333333,-85.02654283333334],"num":3}