{"location":[35.2252641,-84.5276204],"num":1}