{"location":[15.920108944444443,75.68574931111111],"num":9}