{"location":[42.82827065,74.61585495],"num":4}