{"location":[-33.62802013333333,150.27259631666666],"num":12}