{"location":[-33.733342300000004,150.31002469999999],"num":2}