{"location":[-34.4421229,150.454956],"num":1}