{"location":[44.248088585714285,-70.70591508571428],"num":7}