{"location":[43.5925807,-70.3622219],"num":1}