{"location":[43.131629475,-70.934665025],"num":4}