{"location":[42.81360952307693,-70.8604087923077],"num":13}