{"location":[42.491003152000005,-70.98346055600001],"num":25}