{"location":[41.6543807,-70.825573],"num":1}