{"location":[-32.5041018,-70.78353355],"num":2}