{"location":[-32.94352086,-70.76486126],"num":5}