{"location":[-33.51212297619047,-70.6227598238095],"num":21}