{"location":[-34.20806025,-70.55515875],"num":2}