{"location":[56.25985265,36.8555951],"num":2}