{"location":[55.98105318,37.207617760000005],"num":5}