{"location":[55.5279012,37.0804296],"num":1}