{"location":[-1.2582527,36.8185246],"num":1}