{"location":[-32.32804174950495,19.10462595148515],"num":101}