{"location":[-33.932430101052624,18.583493616842105],"num":95}