{"location":[-34.33323746,18.99776952],"num":5}