{"location":[67.8598911,18.6079517],"num":3}