{"location":[63.189784450000005,18.42679555],"num":2}