{"location":[53.7176801,18.6468667],"num":2}