{"location":[52.82733653333333,18.85584688333333],"num":6}