{"location":[51.85495495,19.135289800000002],"num":2}