{"location":[50.77286681000003,19.25185194222222],"num":90}