{"location":[50.50651389554266,19.506548423546494],"num":1032}