{"location":[49.20978839777776,19.04241435555556],"num":90}