{"location":[48.61891288749998,19.228241754166664],"num":48}