{"location":[46.99439545,19.50979095],"num":2}