{"location":[45.5510066,18.6759101],"num":1}