{"location":[44.238095066666666,18.56001553333333],"num":3}