{"location":[42.3331010625,19.275297975000004],"num":24}