{"location":[40.11082394,19.19867198],"num":5}