{"location":[39.82327656666667,18.3841209],"num":3}