{"location":[-20.103135660000003,-44.21936245999999],"num":5}