{"location":[-22.72300982857142,-43.54686255714286],"num":21}