{"location":[44.8987875,-68.6664924],"num":1}