{"location":[44.4660293,-68.3612349],"num":1}