{"location":[-16.2385453,-68.5001433],"num":1}