{"location":[-54.61579083333333,-68.76419133333333],"num":6}