{"location":[36.0570987,129.3660399],"num":1}