{"location":[35.1546794,129.1022042],"num":1}