{"location":[44.96281650516871,-73.3940736945749],"num":2341}