{"location":[36.91882765493687,-82.96302823226186],"num":1742}