{"location":[-25.198708755172397,-60.49783530574716],"num":261}