{"location":[-44.246209985185175,-71.5591005074074],"num":54}