{"location":[42.850810625,-8.7342802],"num":4}