{"location":[42.27585225,-8.739795416666666],"num":6}