{"location":[41.982921,-8.8704562],"num":2}