{"location":[41.139964733333336,-8.5571492],"num":3}