{"location":[39.98542995,-8.5524874],"num":2}