{"location":[39.74285505,-8.8662516],"num":2}