{"location":[39.18438075,-9.065284049999999],"num":2}