{"location":[38.4906188761194,-9.041819635820893],"num":67}