{"location":[-7.870537,-34.8377656],"num":1}