{"location":[22.62720429148936,113.95885726489364],"num":94}