{"location":[-3.3103657,114.59810283333333],"num":3}