{"location":[-7.495065675,112.8695997],"num":4}