{"location":[66.2649096,-22.3512016],"num":1}