{"location":[64.10825534,-21.63637486],"num":5}