{"location":[34.01325116666666,109.08862133333334],"num":6}