{"location":[24.641387830232553,110.29089304418605],"num":43}