{"location":[-7.062136152941177,109.46987937647059],"num":17}