{"location":[34.686357245454545,-112.18606583636364],"num":11}