{"location":[33.5314286,-111.83531560909091],"num":11}