{"location":[40.58627068823529,-111.65847464117647],"num":17}