{"location":[39.5286798,-111.6267286],"num":8}