{"location":[37.11351993333333,-111.77395669999999],"num":3}