{"location":[32.67905523333333,-16.915988377777776],"num":9}