{"location":[28.30721376190476,-15.948812709523805],"num":105}