{"location":[14.719937533333331,-17.502329133333333],"num":6}