{"location":[55.8374781,49.0605107],"num":1}