{"location":[54.07078296666666,49.28715916666667],"num":3}