{"location":[51.5779284,46.0247259],"num":1}