{"location":[39.1598811875,46.016077624999994],"num":8}