{"location":[34.193657099999996,49.27387135],"num":2}