{"location":[47.02356705263158,-119.97407406315789],"num":19}