{"location":[39.52123336,-119.84277354000001],"num":5}