{"location":[39.146473674999996,-120.15178902],"num":20}