{"location":[38.802937355000005,-120.1278896725],"num":40}