{"location":[37.739140374418625,-119.5993944534884],"num":129}