{"location":[36.7904873,-119.7519011],"num":1}