{"location":[34.470367833333334,-119.71017023333332],"num":6}