{"location":[27.023492016666665,99.68875246666666],"num":12}