{"location":[18.7822254,99.2369101],"num":1}