{"location":[52.4641238,-115.0241531],"num":1}