{"location":[51.6837312,-114.6274049],"num":1}