{"location":[51.5208734,-114.7381287],"num":1}