{"location":[36.0585119,-114.9741089],"num":1}