{"location":[36.0189504,-115.079189],"num":1}