{"location":[35.03449551428571,32.75557895714285],"num":7}