{"location":[48.995901053846154,33.58909499230769],"num":13}