{"location":[48.0996791,33.523611],"num":1}