{"location":[39.914788,32.862885],"num":1}