{"location":[45.483174649999995,-116.30632555],"num":2}