{"location":[45.0045434,-116.0584937],"num":1}