{"location":[39.409248,-107.228443],"num":1}