{"location":[23.4193368,90.2550125],"num":1}