{"location":[22.7934462,91.1029809],"num":1}