{"location":[51.35943904307693,66.43414330769228],"num":65}