{"location":[25.83115459238095,65.89290668857144],"num":105}