{"location":[52.64081735,19.0932586],"num":2}