{"location":[51.7411922,19.4807735],"num":1}