{"location":[50.53870258157897,19.518994368315788],"num":950}