{"location":[50.11990531290322,19.59577057741935],"num":62}