{"location":[49.66660043636364,19.216065045454545],"num":11}