{"location":[49.041756639473675,19.430060528947365],"num":38}