{"location":[48.61554898108109,19.407313467567576],"num":37}