{"location":[47.55439556666666,19.053043466666665],"num":3}