{"location":[47.444613172727266,19.097721854545455],"num":11}