{"location":[42.32935827826088,19.297072578260874],"num":23}