{"location":[41.3711579,19.444432],"num":1}