{"location":[-32.119443334285705,19.039818341428578],"num":70}