{"location":[-32.95721329200001,19.320612819999997],"num":25}