{"location":[-33.22912756153846,19.306581038461538],"num":13}