{"location":[-33.730973975,19.15993655],"num":4}