{"location":[51.7974827,86.531272],"num":2}