{"location":[20.2920251,85.825086],"num":1}