{"location":[59.123125433333335,37.933067533333336],"num":3}