{"location":[55.828612660000005,37.556030320000005],"num":15}