{"location":[55.63458029545454,37.63159450454546],"num":22}