{"location":[54.0042219,37.5035668],"num":1}