{"location":[46.6799207,37.7399565],"num":1}