{"location":[-0.1485964,37.3094881],"num":1}