{"location":[-12.740158699999999,-39.69661855],"num":2}