{"location":[52.9168706,84.39211518571427],"num":7}