{"location":[27.678077066666663,84.0171553],"num":6}