{"location":[16.1379507,82.82982115],"num":2}