{"location":[56.470035233333334,84.99186653333334],"num":3}