{"location":[21.0030961,-89.6259381],"num":1}