{"location":[43.4185617064516,-89.69172035483874],"num":31}