{"location":[38.2919191,-89.68063555],"num":2}