{"location":[37.52879,-88.8157447],"num":2}