{"location":[-35.1400203,148.6671789],"num":1}