{"location":[-35.55551296666667,148.9950888],"num":3}