{"location":[-38.8328772,143.5130248],"num":1}