{"location":[44.0967534,143.8346433],"num":1}