{"location":[19.492368499999998,-155.20437125],"num":4}