{"location":[54.650962675,-1.257919475],"num":4}