{"location":[54.359966,-1.252017075],"num":4}