{"location":[53.936253539999996,-1.1593228],"num":5}