{"location":[53.420541812500005,-1.2627754125000001],"num":8}