{"location":[53.035025383333334,-1.1044699166666667],"num":6}