{"location":[52.7356409,-1.1817385000000002],"num":5}