{"location":[52.18619475,-0.8983545],"num":2}