{"location":[51.94982714285714,-0.9260280142857144],"num":7}