{"location":[51.32745704,-0.9220963399999998],"num":5}