{"location":[50.879458480000004,-1.2680904800000001],"num":5}