{"location":[50.7340341,-1.222093],"num":1}