{"location":[49.062077875,-1.0783133],"num":4}