{"location":[48.642487124999995,-0.89788515],"num":4}