{"location":[48.1821814875,-1.0036965375],"num":8}