{"location":[47.182515725,-1.2772687],"num":4}