{"location":[46.92047023333333,-1.1151036333333335],"num":3}