{"location":[45.75234905,-1.1061114],"num":2}