{"location":[45.0990196,-1.1435588],"num":1}