{"location":[44.65955965,-1.0609937500000002],"num":4}