{"location":[43.778823275,-1.19161905],"num":4}