{"location":[43.15750853333333,-0.9844771666666667],"num":3}