{"location":[41.71995687272727,-0.848309590909091],"num":11}