{"location":[41.4527775,-0.9790160333333332],"num":9}