{"location":[39.6334725,-0.888964508108108],"num":37}