{"location":[39.2320954,-0.9724944],"num":1}