{"location":[38.5204495,-0.8252455454545455],"num":22}