{"location":[38.07432482142857,-0.9761978285714286],"num":14}