{"location":[-25.4399312,-49.48172995],"num":2}