{"location":[-29.3580863,-49.7350028],"num":1}