{"location":[59.3601966,13.704350900000001],"num":2}