{"location":[56.2101651,13.6507972],"num":1}