{"location":[56.09015785,13.748275675],"num":4}