{"location":[54.0966119,13.3621377],"num":1}