{"location":[52.544494205,13.4506991675],"num":40}