{"location":[52.39062401428572,13.540669528571428],"num":14}