{"location":[51.5336567,13.835775666666668],"num":3}