{"location":[50.844943170758924,13.991495936941977],"num":896}