{"location":[50.55968805989304,13.882203442245995],"num":187}