{"location":[49.934428142894745,13.87042986552632],"num":380}