{"location":[49.69964717959183,13.628530161224493],"num":343}