{"location":[49.11762193552631,13.860217378947368],"num":76}