{"location":[48.529219569999995,13.46119466],"num":10}