{"location":[48.165151357142854,13.738734357142857],"num":7}