{"location":[47.75171755142859,13.722169494999994],"num":140}