{"location":[47.44953251794872,13.638404965384616],"num":78}