{"location":[46.841544010344826,13.60941650344828],"num":29}