{"location":[46.318954785526294,13.73404661710526],"num":76}