{"location":[45.81305281904762,13.818798647619051],"num":21}