{"location":[45.39293230277778,13.872357],"num":36}