{"location":[44.93720548,13.7553479],"num":5}