{"location":[43.602855649999995,13.496245049999999],"num":2}