{"location":[43.2743086,13.47332145],"num":2}