{"location":[42.8014185,13.592907600000002],"num":7}