{"location":[42.339920573076924,13.649831726923079],"num":26}