{"location":[41.760822130769235,13.793753392307691],"num":13}