{"location":[41.24451295555556,13.485824288888889],"num":18}