{"location":[37.814700815909106,13.890844468181824],"num":88}