{"location":[37.3474627,13.645383],"num":1}