{"location":[41.52519162,70.023388],"num":5}