{"location":[48.28850623333333,35.052588166666666],"num":3}