{"location":[37.86174225,35.103074899999996],"num":2}