{"location":[32.380785784615384,35.38621834999999],"num":26}