{"location":[30.94517774,35.29084924],"num":20}