{"location":[-35.27757765,149.1634897],"num":8}