{"location":[47.3890346,-92.5017673],"num":1}