{"location":[45.0199381,-92.6747658],"num":1}