{"location":[44.5093518625,-92.5212072625],"num":8}