{"location":[38.9109757,-92.3369558],"num":1}