{"location":[34.0825253,49.7056205],"num":1}