{"location":[26.11970975,50.53488165],"num":2}