{"location":[55.2338953,49.2324262],"num":1}