{"location":[56.805730419999996,-3.7248794499999995],"num":10}