{"location":[56.16571096818182,-3.4989582818181826],"num":22}