{"location":[54.491714130952396,-3.1671923880952373],"num":42}