{"location":[53.54932677000001,-3.2082305300000002],"num":10}