{"location":[53.059555818518504,-3.7721674370370377],"num":27}