{"location":[51.718474650000005,-3.5193584045454545],"num":22}