{"location":[51.494064509589045,-3.799529287671232],"num":73}