{"location":[48.66021597,-3.43616899],"num":10}