{"location":[47.87662803333333,-3.6581376666666667],"num":3}