{"location":[43.35691496086957,-3.144645343478261],"num":23}