{"location":[42.542932288888885,-3.5662075333333334],"num":18}