{"location":[41.4669511,-3.76192],"num":2}