{"location":[40.49346094852941,-3.7189519426470596],"num":68}