{"location":[37.897903299999996,-3.5812499],"num":2}