{"location":[37.16942300222222,-3.5361138133333334],"num":45}