{"location":[51.8906981,-8.5380725],"num":1}