{"location":[42.505835600000005,-8.73758933],"num":10}