{"location":[41.47714724,-8.682472],"num":5}