{"location":[39.10015921818182,-9.266397663636363],"num":11}