{"location":[38.55580266617647,-9.185581556617645],"num":136}