{"location":[37.1470015,-8.481283],"num":1}