{"location":[62.424450725,17.496325074999998],"num":4}