{"location":[59.435303576363616,17.89660853090909],"num":55}