{"location":[53.062518790909095,18.479405272727274],"num":11}