{"location":[50.98714861610169,18.768708988983047],"num":118}