{"location":[50.16997667333721,18.760442403096278],"num":1744}