{"location":[48.11162840382165,18.49719809745222],"num":157}