{"location":[46.446301483333336,18.39594445],"num":6}