{"location":[43.875928817647065,17.804188286274513],"num":51}