{"location":[42.363349425,19.070335278571427],"num":28}