{"location":[40.34065577142857,17.917727909523805],"num":21}