{"location":[-22.63371875,17.10536105],"num":2}