{"location":[-33.105678960714286,18.852036299489797],"num":196}