{"location":[34.9152675,135.6887006],"num":1}