{"location":[34.704737,135.46169033333334],"num":15}