{"location":[61.1915043,-149.8710153],"num":1}