{"location":[29.11029591111111,-13.526688633333332],"num":9}