{"location":[28.852666699999997,-13.856640116666666],"num":6}