{"location":[45.8332594,-65.6375505],"num":1}