{"location":[45.309397,-66.0312721],"num":1}