{"location":[18.4283991,-66.0561718],"num":1}