{"location":[-12.5306177,-41.4292056],"num":1}