{"location":[-12.560595399999999,-41.39812216666667],"num":3}