{"location":[-22.7600184,-41.8886153],"num":1}