{"location":[49.6620446,-109.5068841],"num":1}