{"location":[45.85324980909091,-110.84841029090909],"num":11}