{"location":[42.58950637619047,-111.28407644285714],"num":21}