{"location":[38.8638216551282,-109.78145776666669],"num":78}