{"location":[33.8189465139535,-110.99563117674418],"num":43}