{"location":[46.8433428,-96.8643881],"num":1}