{"location":[43.5450696,-96.6648296],"num":1}