{"location":[36.07430164,-96.21863954800001],"num":25}