{"location":[33.349386772727264,-96.81320587272727],"num":11}