{"location":[30.869675921621617,-97.72746693783785],"num":37}