{"location":[17.0584839,-96.7155753],"num":1}