{"location":[52.925724599999995,158.68704795],"num":2}