{"location":[42.283134,-83.8089729],"num":1}