{"location":[39.2838969,-84.29715],"num":1}