{"location":[37.84039425,-83.67510825],"num":2}