{"location":[37.6550232449024,-83.71841456898052],"num":922}