{"location":[34.9298598,-84.1402323],"num":1}