{"location":[34.5271479,-83.9849336],"num":1}