{"location":[33.978664949999995,-84.1627446],"num":2}