{"location":[42.8623088,140.7082484],"num":1}