{"location":[38.2375319,140.8856921],"num":1}