{"location":[36.6290034,140.6834084],"num":1}