{"location":[69.68746537391306,18.82069155652174],"num":23}