{"location":[68.11145676666668,18.037095700000002],"num":6}