{"location":[65.723945725,21.0677887],"num":4}