{"location":[63.02881129000001,20.4180748],"num":20}