{"location":[59.75013232597403,18.973231525974025],"num":77}