{"location":[53.70647212307693,18.759252973076926],"num":26}