{"location":[50.19287497883577,19.280158208546435],"num":2972}