{"location":[48.03138421884057,18.961976879710146],"num":207}