{"location":[43.39100297815128,19.083233841176472],"num":119}