{"location":[39.60241969436618,20.510806135211265],"num":71}