{"location":[-28.7035372,17.5429827],"num":1}