{"location":[-33.1940956663677,19.01222923004484],"num":223}