{"location":[35.7092270255814,128.72089891627908],"num":43}