{"location":[26.960056893333334,128.18301346666667],"num":15}