{"location":[-43.3358212375,172.08697235000005],"num":16}