{"location":[-44.26476633773585,-71.67747013773585],"num":53}