{"location":[44.9195017643823,-73.89432681055008],"num":2218}