{"location":[37.42425030789937,-83.1535167462259],"num":1709}