{"location":[8.885795558333333,-76.88330660416666],"num":24}