{"location":[-10.493747711111112,-73.768113],"num":45}