{"location":[-34.4718804,-71.09237284843749],"num":64}