{"location":[32.37712275714286,-110.72283379999999],"num":7}