{"location":[45.68160746666667,-111.04917993333333],"num":9}