{"location":[40.69355255,-110.90280215],"num":2}