{"location":[38.8607468,-109.7425731],"num":1}