{"location":[38.5892874,-109.6992504],"num":1}