{"location":[36.881594925,-110.096676975],"num":4}