{"location":[15.679677333333336,-61.3287631],"num":6}