{"location":[-34.39178834,-58.70996512000001],"num":10}