{"location":[-37.53146819999999,-58.88733046666667],"num":12}