{"location":[42.159511422222224,72.20841320555557],"num":18}