{"location":[33.7523746125,76.01544630000001],"num":8}