{"location":[15.826200403703703,75.6347283074074],"num":27}