{"location":[10.633938350000001,76.80439129999999],"num":2}