{"location":[36.2160765,-81.6604855],"num":2}