{"location":[34.97616965,-82.461846425],"num":4}