{"location":[29.8273593,-81.97644593333334],"num":3}