{"location":[38.585568200000004,-82.36047315],"num":4}