{"location":[-12.43229544,-45.08409898000001],"num":5}