{"location":[-21.854564500000002,-45.24839315],"num":2}