{"location":[-22.47562585,-45.57229595],"num":4}