{"location":[-22.687698321212125,-45.66175212121212],"num":33}