{"location":[51.42422318488373,27.71949021046511],"num":86}