{"location":[44.63580293141025,25.487625553846158],"num":156}