{"location":[37.27693478352556,26.681824350906105],"num":607}