{"location":[0.1554497,32.4496605],"num":2}