{"location":[-0.5266117,31.0014159],"num":1}