{"location":[-26.528441874999995,29.79870209852941],"num":68}