{"location":[68.69229386562499,24.451944756250004],"num":32}