{"location":[64.26023615166666,25.55694608500001],"num":60}