{"location":[59.971683949579834,26.04589956386555],"num":119}