{"location":[37.4643638,49.4553305],"num":1}