{"location":[8.4601292,124.6437504],"num":1}