{"location":[7.285041175,125.52405835],"num":4}