{"location":[-43.2627233,-65.2855101],"num":1}