{"location":[45.74389044878048,-64.37324921300815],"num":123}