{"location":[15.69943392222222,-63.003966977777786],"num":9}