{"location":[-16.541139049999998,-50.41966442916668],"num":24}