{"location":[-27.35513011953127,-52.424891571874994],"num":128}