{"location":[43.117133499999994,-77.6395986],"num":2}