{"location":[41.80382720000001,-77.547396225],"num":8}