{"location":[40.58865748846154,-77.88081916923078],"num":26}