{"location":[39.738002675000004,-77.502603975],"num":4}