{"location":[38.62415625,-77.70897135],"num":2}