{"location":[37.574070775,-77.59418495],"num":4}