{"location":[34.7528769,-77.393706],"num":1}