{"location":[-9.41378646,-77.56708449999999],"num":5}