{"location":[-10.0831775,-77.3483937],"num":1}