{"location":[41.440997450000005,69.69631405],"num":10}