{"location":[51.6554057,3.70983005],"num":2}