{"location":[51.01730333750002,3.611728466666667],"num":24}