{"location":[50.496418250000005,3.3742653666666658],"num":18}