{"location":[49.150800919999995,3.4414481199999996],"num":5}