{"location":[48.551432118181815,3.592604872727273],"num":11}