{"location":[47.46359961052631,3.809066894736842],"num":19}