{"location":[46.32450670000001,3.6378182874999996],"num":8}