{"location":[45.60945247307692,3.462968228846153],"num":52}