{"location":[44.4306659226087,3.4904965713043454],"num":115}