{"location":[42.65994205714286,2.9622610857142857],"num":7}