{"location":[41.82200381538461,2.9582427923076917],"num":13}