{"location":[39.93205843333333,3.1239607666666664],"num":3}