{"location":[39.69596024687499,3.48579363125],"num":32}