{"location":[37.269999025000004,-112.95682865],"num":4}