{"location":[37.47453787142857,127.01474621428574],"num":14}