{"location":[36.7687409,127.2093631],"num":1}