{"location":[35.7666566,127.1038181],"num":1}