{"location":[35.1491505,126.8476584],"num":1}