{"location":[50.0118190923077,-123.07695226410254],"num":78}