{"location":[49.6107607988938,-123.13518760066376],"num":452}