{"location":[48.45214202333333,-123.10535536666666],"num":30}