{"location":[47.42610527999999,-122.49304915000002],"num":10}