{"location":[45.51673005,-122.60211327857145],"num":14}