{"location":[42.472728825,-122.839561625],"num":4}