{"location":[38.23173884418606,-122.5690583744186],"num":43}