{"location":[56.45420582884614,-3.746322761538459],"num":52}