{"location":[53.627183900000006,-2.0539533376811594],"num":414}