{"location":[51.268926182352956,-2.720254792352942],"num":340}