{"location":[47.87943752847222,-1.9296781097222226],"num":144}