{"location":[43.152112751027396,-1.695486789383562],"num":292}