{"location":[38.90686498568132,-2.3068990799076206],"num":433}