{"location":[28.20767275,83.97272315000001],"num":2}