{"location":[43.707730350000006,-7.97443305],"num":2}