{"location":[43.35751438333333,-8.364562849999999],"num":6}