{"location":[41.77071186875,-8.251615812500003],"num":16}