{"location":[41.075825604444454,-8.285550611111113],"num":45}