{"location":[40.8812801,-8.0788347],"num":1}