{"location":[40.095726627272725,-8.192476309090909],"num":11}