{"location":[37.254039866666666,-8.1013262],"num":3}