{"location":[37.0276395,-7.9301992666666665],"num":3}