{"location":[50.5971058,3.7822854],"num":2}