{"location":[49.96174576666667,4.0080167],"num":3}