{"location":[49.1675377,3.9066693],"num":2}