{"location":[48.7535958,3.8802541399999995],"num":5}