{"location":[47.64929813333333,3.750795],"num":6}