{"location":[47.30367374,3.9764204700000008],"num":10}