{"location":[46.6008967,4.0489273],"num":1}