{"location":[46.341703599999995,3.9475149000000003],"num":3}