{"location":[45.22221439999999,4.041504266666666],"num":12}