{"location":[44.89796330909091,4.000094600000001],"num":11}