{"location":[44.36963763448276,4.017072655172414],"num":29}