{"location":[43.569661725,3.951089],"num":4}