{"location":[35.1079411,25.7345767],"num":1}