{"location":[-32.687213,26.492871],"num":1}