{"location":[-33.6062202923077,25.93043464615385],"num":13}