{"location":[66.430782775,25.588109537500003],"num":8}