{"location":[62.3627914,25.787807549999997],"num":4}