{"location":[60.95419235,25.86788875],"num":2}