{"location":[58.0714143,26.5934741],"num":1}