{"location":[57.0884339,26.13284655],"num":2}