{"location":[55.9214881,26.5823052],"num":1}