{"location":[45.566276815789465,25.584892721052633],"num":19}