{"location":[42.471563483333334,25.55169135],"num":6}