{"location":[41.16854753333334,25.402516733333332],"num":3}