{"location":[40.96958646666667,25.54458526666667],"num":3}