{"location":[50.18053547477602,15.110103094001534],"num":18538}