{"location":[46.88935227229786,14.422283386944441],"num":3960}