{"location":[37.9080757851508,15.347539281206508],"num":431}