{"location":[-21.70149124,15.34279204],"num":5}