{"location":[-24.549997425,17.00686765],"num":4}