{"location":[68.8399778923077,16.828813365384615],"num":52}