{"location":[63.41397770208335,16.73086066041667],"num":48}