{"location":[58.69589348599034,15.93635861690821],"num":207}