{"location":[28.0287861,73.3257268],"num":1}