{"location":[15.5785413,73.7583635],"num":1}