{"location":[42.53528765,74.52932015],"num":2}