{"location":[63.6456384,10.8722306],"num":1}