{"location":[63.4418192,10.949337],"num":1}