{"location":[60.98036961666667,10.641045133333334],"num":6}