{"location":[59.966506174418605,10.830256060465114],"num":43}