{"location":[59.76444600909092,10.863558345454546],"num":11}