{"location":[59.278265,11.092009],"num":1}