{"location":[59.14486283333333,10.8374314],"num":3}