{"location":[55.1147535,10.7225037],"num":1}