{"location":[54.4219337,11.191992200000001],"num":2}