{"location":[53.89860783333334,10.746990733333334],"num":3}