{"location":[52.968728,11.1645518],"num":1}