{"location":[52.632342699999995,10.6055949],"num":2}