{"location":[52.4555302,10.6219971],"num":1}