{"location":[51.783636337500006,10.8486019625],"num":24}