{"location":[51.4873309,10.778414714285717],"num":7}