{"location":[50.82459443529412,10.7497823],"num":17}