{"location":[50.6793773890625,10.761998959374996],"num":64}