{"location":[49.96722268111113,11.142966373333334],"num":90}