{"location":[49.689467726666656,11.146160930000002],"num":60}