{"location":[49.26294419999999,10.962584066666667],"num":3}