{"location":[48.8291060617647,11.071382758823528],"num":34}