{"location":[48.278034786666666,10.931231533333335],"num":15}