{"location":[47.57603729207919,10.784615699009905],"num":101}