{"location":[47.325163217813746,10.820243274089071],"num":247}