{"location":[46.89099990684933,10.902510052054797],"num":73}