{"location":[46.190871230120486,11.036622822891568],"num":83}