{"location":[45.877080175078866,10.91412920063091],"num":317}