{"location":[44.676976124999996,10.77798],"num":4}