{"location":[44.210929684615394,10.786113692307692],"num":13}