{"location":[43.834753112499996,10.837714837499998],"num":16}