{"location":[43.4968505,10.8868214],"num":1}