{"location":[43.017638893750004,11.10036899375],"num":16}