{"location":[42.38728038333333,11.143254183333333],"num":6}