{"location":[6.056446733333334,0.6601747666666666],"num":6}