{"location":[51.98298039999999,0.6243699571428571],"num":14}