{"location":[51.32409464000001,0.33156335000000003],"num":20}