{"location":[49.37616258095237,0.968468880952381],"num":21}