{"location":[48.36686183333333,0.5039085666666667],"num":9}