{"location":[47.51308324,0.66292255],"num":10}