{"location":[46.53329782,0.62197168],"num":5}