{"location":[45.50839101111111,0.7081660666666667],"num":9}