{"location":[44.801206697101435,1.102047349275362],"num":207}