{"location":[43.60503046111111,1.1070727944444445],"num":18}