{"location":[42.59932575833331,0.6137722333333332],"num":84}