{"location":[40.847172799999996,0.30238811],"num":10}