{"location":[38.948786049999995,1.2626475],"num":2}