{"location":[-12.196682814285717,-45.809221671428574],"num":7}