{"location":[-22.791782387096767,-45.92307197096774],"num":62}