{"location":[30.7663175,103.9809918],"num":1}