{"location":[30.6181949,104.0523773],"num":1}