{"location":[13.356805733333333,103.86198536666666],"num":3}