{"location":[1.3233110710526315,103.82822716052635],"num":38}