{"location":[38.9832446,-108.52109063333334],"num":3}