{"location":[38.666136216666665,-108.34331588333335],"num":6}