{"location":[68.5864141,16.5713593],"num":1}