{"location":[68.1649423,16.5927865],"num":1}