{"location":[58.53192409999999,16.48621967142857],"num":7}