{"location":[58.38335037499999,16.6022296],"num":4}