{"location":[57.87876223333333,16.374957600000002],"num":3}