{"location":[54.4331946,16.3732222],"num":1}