{"location":[52.3672505,16.8070319],"num":1}