{"location":[51.3887383,16.2071172],"num":1}