{"location":[50.83068104285714,16.319804457142858],"num":7}