{"location":[50.44727823178292,16.422057876744187],"num":129}