{"location":[50.162063577777786,16.705262098765434],"num":81}