{"location":[49.52422454583334,16.350212618749996],"num":48}