{"location":[49.22675818344827,16.497161489655173],"num":290}