{"location":[48.75173471666667,16.632786833333334],"num":6}