{"location":[48.08601265857989,16.248235739053257],"num":169}