{"location":[47.87987081538461,16.241265484615386],"num":13}