{"location":[47.26303743333333,16.53248716666667],"num":3}