{"location":[46.74162785,16.58193095],"num":2}