{"location":[43.36634769999999,16.581403493750003],"num":16}