{"location":[40.6455504,16.717854850000002],"num":2}