{"location":[39.8358498,16.275177],"num":1}