{"location":[38.9751459,16.345809266666667],"num":3}