{"location":[18.925312050000002,-155.66476888333332],"num":6}