{"location":[-22.649413670000005,-45.690959066000005],"num":50}