{"location":[44.111156575,43.008571700000005],"num":4}