{"location":[43.70220272,42.83334252000001],"num":10}