{"location":[42.29995122173914,43.228427926086944],"num":23}