{"location":[41.80508776,43.46395210000001],"num":5}