{"location":[63.593794333333335,9.5731792],"num":3}