{"location":[63.448775225,9.477854275],"num":4}