{"location":[62.57608245,9.38214185],"num":2}