{"location":[60.9939335,9.2270795],"num":1}