{"location":[60.8320029,9.7434583],"num":1}