{"location":[59.1985593,9.6122278],"num":1}