{"location":[58.886704512499996,9.419241575],"num":8}