{"location":[58.6562473,9.1448978],"num":1}