{"location":[55.5978315,9.5206652],"num":2}