{"location":[55.2515008,9.50499],"num":1}