{"location":[54.703292,9.392587200000001],"num":2}