{"location":[54.44874695,9.638229200000001],"num":2}