{"location":[52.148108223999984,9.578021202666662],"num":75}