{"location":[51.95407000609756,9.64032104634146],"num":82}