{"location":[50.87653396666667,9.637939233333334],"num":3}