{"location":[50.50525986666667,9.710849133333333],"num":3}