{"location":[49.99526766,9.34844794],"num":10}