{"location":[49.574038,9.498002750000001],"num":2}