{"location":[49.12630726428572,9.37052752857143],"num":14}