{"location":[48.65911284057972,9.415645443478263],"num":69}