{"location":[48.36898577142858,9.646197317857144],"num":56}