{"location":[47.727126666666656,9.51960523888889],"num":18}