{"location":[47.25690869741936,9.618690328387098],"num":155}