{"location":[46.89387885357144,9.429226721428572],"num":28}