{"location":[46.29218994310344,9.49015351724138],"num":58}