{"location":[45.86934453999998,9.515122353939397],"num":165}