{"location":[45.439691713333325,9.350832673333333],"num":15}