{"location":[44.43004978,9.459297349999998],"num":10}