{"location":[44.05903787692308,9.824290900000001],"num":13}