{"location":[42.71239324,9.36476288],"num":10}