{"location":[42.34171036363636,9.225688045454545],"num":11}