{"location":[41.81157862564103,9.254155417948718],"num":39}