{"location":[41.240759366666666,9.144970299999999],"num":6}