{"location":[40.662028225,9.570664875],"num":4}