{"location":[40.22723368472222,9.627292106944443],"num":72}