{"location":[39.72708645454546,9.533502109090911],"num":11}