{"location":[45.4012749,-84.6188295],"num":1}