{"location":[44.210931471428566,-85.72548884285713],"num":7}