{"location":[42.21490784,-85.90439422],"num":5}