{"location":[39.55491748333333,-85.51319084166668],"num":12}