{"location":[38.0604091,-84.4805476],"num":1}