{"location":[35.29548535666667,-85.45550761],"num":30}