{"location":[33.567954075,-85.52525595000002],"num":8}