{"location":[10.315071,-85.81690265],"num":2}