{"location":[45.7949839,-76.106159],"num":1}