{"location":[45.525977,-75.9699077],"num":1}