{"location":[44.27063843333334,-76.37582766666667],"num":3}