{"location":[40.26305092857143,-76.45253355714286],"num":7}