{"location":[39.693936666666666,-76.2686766],"num":3}