{"location":[39.18659763333333,-76.53521623333334],"num":3}