{"location":[36.85780485,-76.1622365],"num":2}