{"location":[39.74706951666667,45.142947549999995],"num":6}