{"location":[31.312432,45.2706301],"num":1}