{"location":[40.52384918124999,-105.24061979062499],"num":32}