{"location":[40.07267246027397,-105.36706997945208],"num":73}