{"location":[39.618177366666664,-105.032391],"num":3}