{"location":[38.8668903,-104.82423035],"num":2}