{"location":[38.63109459852941,-105.21979852058823],"num":68}