{"location":[29.4127355,106.2926339],"num":1}