{"location":[25.6584525,106.25070106666668],"num":3}