{"location":[24.7755305,106.5491669],"num":1}