{"location":[21.61027398888889,106.36022825555557],"num":9}