{"location":[-6.243302333333333,106.81358623333334],"num":3}