{"location":[-6.3625501,106.8255508],"num":1}