{"location":[21.043927675,105.80832529999999],"num":4}