{"location":[-6.3103053,106.1060648],"num":1}