{"location":[-19.3058596,-43.6148844],"num":1}