{"location":[-19.720546525000003,-44.03643567499999],"num":4}