{"location":[46.691566257142846,-92.0271824142857],"num":7}