{"location":[43.53999787017543,-91.72196247894738],"num":57}