{"location":[35.654753384,-93.398359676],"num":25}