{"location":[30.095808249999997,-93.2679397],"num":4}