{"location":[39.089745449999995,-108.197928725],"num":4}