{"location":[35.50139935,-108.787979725],"num":4}