{"location":[34.01879413333334,-106.96460833333333],"num":3}