{"location":[55.1593249,60.159637],"num":1}