{"location":[7.7056704,125.03568],"num":1}