{"location":[63.8580704,-22.6314696],"num":1}