{"location":[34.0627974,131.4351209],"num":1}