{"location":[43.117348050000004,131.960093],"num":6}