{"location":[63.0271986,22.0363569],"num":2}