{"location":[60.46101758333333,22.208981366666666],"num":6}