{"location":[51.7439228,22.2586432],"num":1}