{"location":[51.5967196,22.4741082],"num":1}