{"location":[50.4963253,22.190191050000003],"num":2}