{"location":[50.0560238,21.981183700000003],"num":3}