{"location":[49.6964410822222,21.903150914444446],"num":90}