{"location":[45.2015031,21.8749025],"num":1}