{"location":[44.963177400000006,22.476727166666667],"num":3}