{"location":[44.5044843,22.0994289],"num":2}