{"location":[41.7597369,22.4148914],"num":1}