{"location":[41.0549921,22.1290401],"num":1}