{"location":[40.1043815,22.4793027],"num":1}