{"location":[38.567172400000004,22.43152575],"num":2}