{"location":[37.9849717,22.341713],"num":1}