{"location":[37.6044428,22.4463773],"num":2}