{"location":[36.979849349999995,22.27644815],"num":2}