{"location":[-33.3990038,22.2276284],"num":3}