{"location":[43.52110607062936,-84.58446978041954],"num":143}