{"location":[37.622277768346315,-83.67356789360453],"num":1548}