{"location":[24.737420565217377,-82.9034378847826],"num":46}