{"location":[9.811075633333333,-84.69540503333333],"num":3}