{"location":[-1.5295194599999997,-79.32820393],"num":10}