{"location":[36.6232017,58.966806],"num":1}