{"location":[62.470220049999995,6.2649323500000005],"num":2}