{"location":[60.50902365,6.6146815],"num":2}