{"location":[59.883556420000005,5.94459074],"num":5}