{"location":[58.90885604788134,6.043321854237288],"num":236}