{"location":[58.62095759253732,6.090726668656715],"num":67}