{"location":[52.936781635714276,6.314875678571427],"num":14}