{"location":[52.08092511153845,6.454416507692307],"num":26}