{"location":[51.183480431666666,6.631009421666666],"num":60}