{"location":[50.58866304878049,6.304466673170731],"num":41}