{"location":[49.51928800555555,6.384789638888891],"num":54}