{"location":[48.17150596451614,6.661225041935485],"num":31}