{"location":[46.35005158211677,6.554529661313868],"num":274}