{"location":[45.55177622055639,6.45038784250386],"num":647}