{"location":[44.674622953000004,6.392185446333334],"num":300}