{"location":[43.67787707941178,6.306224396078428],"num":204}