{"location":[43.846253499999996,-103.56455316666667],"num":3}