{"location":[45.94637685555555,-74.53169399999999],"num":9}