{"location":[44.48754374,-74.84935879999999],"num":10}