{"location":[43.0394106,-74.848914],"num":1}