{"location":[41.04629605,-74.89134345],"num":2}