{"location":[40.5310518,-75.21805645],"num":4}