{"location":[40.169299960000004,-75.05789850000001],"num":10}