{"location":[4.34413105,-75.15703515],"num":2}