{"location":[37.3322686,47.8156052],"num":1}