{"location":[50.8158665,1.76363535],"num":2}