{"location":[49.4359545,2.0949074],"num":1}