{"location":[49.04424876666667,2.0593586],"num":3}