{"location":[48.72083689726028,1.9804739623287664],"num":146}