{"location":[48.4466684,1.5401303],"num":1}