{"location":[47.91479195,1.9162969125],"num":8}