{"location":[47.23097155,2.07373485],"num":2}