{"location":[46.802669671428575,1.830079185714286],"num":7}