{"location":[46.24953131666666,1.80003565],"num":6}