{"location":[45.9480587,1.7662879],"num":1}