{"location":[45.19454585,1.67071059],"num":10}