{"location":[44.8323139,1.6864263],"num":2}