{"location":[44.37756793488373,1.6863024046511632],"num":43}