{"location":[43.621081646153826,1.4445070365384618],"num":52}