{"location":[43.51891441666667,1.67018255],"num":6}