{"location":[42.7649442987013,1.6490252870129873],"num":77}