{"location":[42.28404393684211,1.8032193184210525],"num":38}