{"location":[41.611672253703716,1.8669198407407406],"num":54}