{"location":[41.34938457499999,1.875299278125],"num":32}