{"location":[38.9114841,1.4225969],"num":1}