{"location":[12.075869,1.7867112],"num":1}