{"location":[11.750906495833332,1.7856685916666664],"num":24}