{"location":[6.5978387,1.4988612],"num":1}