{"location":[38.016330294444444,-107.67270134444445],"num":18}