{"location":[63.97544,9.0760444],"num":1}