{"location":[63.1431097769231,8.534472311538464],"num":26}