{"location":[61.839667,8.574704],"num":1}