{"location":[59.0165248,8.544558],"num":1}