{"location":[58.7715238,8.4712257],"num":1}