{"location":[58.33643766,8.57799378],"num":5}