{"location":[55.55937,8.523821933333332],"num":3}