{"location":[54.1676864,8.8718959],"num":1}