{"location":[53.101254080000004,8.7992114],"num":10}