{"location":[52.2057287,8.8096291],"num":1}