{"location":[51.838049621739124,8.661443434782612],"num":23}