{"location":[51.26304914999999,8.563218149999999],"num":6}