{"location":[51.0660668,8.5821548],"num":4}