{"location":[50.51006642727273,8.645558845454545],"num":11}