{"location":[50.05562392777778,8.714466941666666],"num":36}