{"location":[49.13446808333333,8.62863885],"num":6}