{"location":[48.70362045499998,8.796897685],"num":40}