{"location":[47.69001034000001,8.754583213333332],"num":15}