{"location":[47.24800405384618,8.819115048076927],"num":52}