{"location":[46.85556835308641,8.605044091358023],"num":81}