{"location":[46.39551961889251,8.835497823778502],"num":307}