{"location":[45.4104398,8.922236250000001],"num":4}