{"location":[44.74162062857143,9.006035285714285],"num":7}