{"location":[44.444738666315786,8.665813969473689],"num":95}