{"location":[42.61184693333333,8.9035546],"num":3}