{"location":[42.29745833421051,8.970646607894738],"num":38}