{"location":[41.89515793913043,8.815934195652174],"num":23}