{"location":[41.297237833333334,9.124050566666668],"num":3}