{"location":[40.7250954,8.6473682],"num":6}