{"location":[40.0921546,8.5130918],"num":1}