{"location":[39.634586299999995,8.872397825],"num":8}