{"location":[39.32370538181819,8.640190563636365],"num":11}