{"location":[44.2554645,-105.5081592],"num":1}