{"location":[40.576955,-105.6160467],"num":1}