{"location":[40.309117531343276,-105.54147601343283],"num":67}