{"location":[39.599228,-106.035948],"num":1}