{"location":[35.712372728571424,-105.95788997142859],"num":7}