{"location":[31.919207250000003,-106.045770775],"num":4}