{"location":[28.6223307,-106.0915734],"num":1}