{"location":[28.44260203333333,-16.398189100000003],"num":12}