{"location":[28.17983145686274,-16.56064899215686],"num":51}