{"location":[63.39384753181818,12.889414345454544],"num":22}