{"location":[57.909664800000016,11.892064934146338],"num":41}