{"location":[56.18641107222223,12.970083894444443],"num":18}