{"location":[55.561843828125,12.522328243750001],"num":32}