{"location":[52.80314911527778,13.165258513888888],"num":72}