{"location":[50.9392857703737,13.749604445852334],"num":1097}