{"location":[49.97495426423341,12.879431758868412],"num":3411}