{"location":[47.615852195805054,12.551268654081627],"num":882}