{"location":[46.248673287874,12.510981835905511],"num":635}