{"location":[43.822083035416654,12.408499934375003],"num":96}