{"location":[42.07313334082569,12.98410423990826],"num":218}