{"location":[-33.0117461,-60.7743341],"num":1}