{"location":[38.54466715,-109.512103325],"num":4}