{"location":[38.06495571999999,-109.57811546],"num":10}