{"location":[19.46377679090909,-155.74990168636361],"num":22}