{"location":[-33.42294857142856,148.99688630714286],"num":14}