{"location":[-35.5693624,148.52331626],"num":5}