{"location":[-42.895309850000004,147.27076399999999],"num":2}