{"location":[-43.139196,148.0060355],"num":1}