{"location":[50.0863521,-121.55005785],"num":2}