{"location":[49.48090614000001,-121.36448454399999],"num":25}