{"location":[49.314511958333334,-121.50655379166669],"num":12}