{"location":[48.15923335,-121.61698734999999],"num":4}