{"location":[47.75921021399999,-121.561036184],"num":50}