{"location":[47.42830420769231,-121.45784429230768],"num":39}