{"location":[46.67900875,-121.0320804],"num":2}