{"location":[46.1862242,-121.4882519],"num":1}