{"location":[45.68741056666667,-121.31743903333332],"num":3}