{"location":[45.389895100000004,-121.52076897500001],"num":4}