{"location":[44.80075136666667,-121.10932143333332],"num":3}