{"location":[44.35945840816326,-121.14419846530612],"num":49}