{"location":[44.0046062375,-121.126851625],"num":8}