{"location":[38.5388423,-121.394636],"num":1}