{"location":[37.7483192,-121.1384903],"num":1}