{"location":[-33.77060574324325,150.79442411891895],"num":37}