{"location":[36.1770888,-94.3200041],"num":2}