{"location":[29.78434325,-95.445607],"num":2}