{"location":[39.0903027,-94.77723884285714],"num":7}