{"location":[-26.53069744285714,152.9690291857143],"num":7}