{"location":[-27.60216385,153.10811702142857],"num":14}