{"location":[37.220317214285714,-113.2367032],"num":7}