{"location":[70.0493877,24.9639619],"num":1}