{"location":[67.6516114,24.9073382],"num":1}