{"location":[66.67014769999999,25.176247766666666],"num":3}