{"location":[66.2396965,24.9152416],"num":1}