{"location":[61.0531194,25.0052218],"num":1}