{"location":[60.739598199999996,24.746432666666664],"num":3}