{"location":[60.286831475,24.959803575000002],"num":4}