{"location":[60.18992372800001,24.915329567999997],"num":25}