{"location":[59.423871375000004,24.74647495],"num":4}