{"location":[55.5145987,25.0818491],"num":1}