{"location":[54.675438549999996,25.2767992],"num":2}