{"location":[45.48490944,25.204211960000002],"num":5}