{"location":[41.6484499,24.807665280000002],"num":5}