{"location":[41.0900217,24.7623847],"num":1}