{"location":[34.9517405,25.065162100000002],"num":2}