{"location":[-31.647531,25.168031],"num":1}