{"location":[-33.42898785714286,24.820937000000004],"num":7}