{"location":[-37.56997394,176.10756706],"num":5}