{"location":[-37.99191175,176.16313695],"num":2}