{"location":[-38.64707536,175.94450137],"num":10}