{"location":[-38.9889572,175.811634],"num":1}