{"location":[61.64164136666667,-145.34616303333334],"num":3}