{"location":[36.4772745611111,-121.19089747222223],"num":36}