{"location":[50.27567233333334,-121.69112893333333],"num":3}