{"location":[49.320745239393936,-121.62520473181817],"num":66}