{"location":[48.20562282,-121.73051410000001],"num":5}