{"location":[47.58993793970588,-121.66104179558825],"num":136}