{"location":[46.7032037,-121.6097216625],"num":8}