{"location":[45.518619076470586,-121.74472410588233],"num":17}