{"location":[44.38821624912282,-121.24397056315787],"num":57}