{"location":[43.999434345454546,-121.44642864545455],"num":11}