{"location":[42.2236612,-121.7799738],"num":1}