{"location":[37.89479456585366,-122.03033254634146],"num":41}