{"location":[37.24836474074073,-122.05389635185185],"num":27}