{"location":[34.711164,-92.4109198],"num":1}