{"location":[44.566083666666664,-92.53826932222222],"num":9}