{"location":[42.674284899999996,-92.41794194],"num":5}