{"location":[41.4545392,-91.63768615000001],"num":2}