{"location":[39.04104275,-92.10059609999999],"num":2}