{"location":[-19.8018724,-66.07048],"num":1}