{"location":[47.6168939,-65.655107],"num":1}