{"location":[46.0735228,-64.8286631],"num":1}