{"location":[45.571328199999996,-65.8344113],"num":2}