{"location":[66.1548121,29.11289985],"num":2}