{"location":[60.951310443749996,29.33528025],"num":16}