{"location":[60.00060940833334,30.368083491666667],"num":12}