{"location":[50.340279757894734,29.571356815789475],"num":19}