{"location":[45.73170432,28.699676126666667],"num":15}