{"location":[44.2693846,28.481937911111103],"num":9}