{"location":[41.0512842,28.985238866666666],"num":3}