{"location":[40.415184608333334,29.40323178333334],"num":12}