{"location":[36.370991931868126,29.072061505494506],"num":91}