{"location":[-25.665391402083333,30.227725618749997],"num":48}