{"location":[-28.338692,28.8023856],"num":2}