{"location":[-29.820119228571425,30.77674504285714],"num":7}