{"location":[-32.467442999999996,28.564346],"num":3}