{"location":[40.788297264516125,44.92835116774194],"num":31}