{"location":[40.323106980000006,44.420789719999995],"num":5}