{"location":[64.0758798,10.0444979],"num":1}