{"location":[63.43517867333333,10.378472626666667],"num":15}