{"location":[63.0768049,10.2622803],"num":1}