{"location":[61.1186238,10.4572839],"num":1}