{"location":[59.97098076666666,10.459870166666667],"num":3}