{"location":[59.75859654285715,10.27992435],"num":14}