{"location":[59.2538614,10.467401299999999],"num":2}