{"location":[59.03480785,10.1261999],"num":2}