{"location":[56.3168563,10.1348297],"num":7}