{"location":[56.125272800000005,10.168282166666666],"num":3}