{"location":[55.3917772,10.3893174],"num":3}