{"location":[54.9693456,10.2067793],"num":1}