{"location":[54.31657918888888,10.153993511111112],"num":9}