{"location":[53.95493915,9.991347000000001],"num":2}