{"location":[53.56207993684212,10.006165726315787],"num":19}