{"location":[53.1607599,10.2133235],"num":2}