{"location":[52.6155041,10.0815018],"num":1}