{"location":[52.2504532125,10.3461484],"num":8}