{"location":[51.903809809009005,10.41038609099099],"num":111}