{"location":[50.87013345588234,10.461896647058825],"num":34}