{"location":[50.53063761428571,10.011804342857143],"num":7}