{"location":[50.05999748999999,10.27267674],"num":10}