{"location":[49.70113940000001,10.099187366666667],"num":3}