{"location":[48.703664980952375,10.063895419047618],"num":21}