{"location":[48.31799935333334,10.103456126666666],"num":15}