{"location":[47.647187259090906,10.241212072727272],"num":22}