{"location":[47.25991460597015,10.165991926865674],"num":67}