{"location":[46.89834328,10.095195445714284],"num":35}