{"location":[46.36221186923077,10.208796],"num":13}