{"location":[45.83102558354431,10.209997009493671],"num":158}