{"location":[45.5398797631579,10.301030865789476],"num":38}