{"location":[44.78211015,10.3067717],"num":2}