{"location":[44.31145733000001,10.306003757777775],"num":90}