{"location":[43.96459374915254,10.285655872881355],"num":59}