{"location":[43.4729983,10.3378775],"num":1}