{"location":[42.76829257777778,10.257938099999999],"num":9}