{"location":[36.77749563333333,10.255114833333334],"num":3}