{"location":[54.755973425,56.012481825],"num":4}