{"location":[53.7389189,56.09292585],"num":2}