{"location":[25.753619766666663,56.142496566666665],"num":3}