{"location":[24.87582255,55.985108800000006],"num":4}