{"location":[-20.976236274999998,55.6455304],"num":4}