{"location":[-21.3756879,55.7015258],"num":1}