{"location":[-8.5351834,115.9248399],"num":3}