{"location":[40.094387274999995,116.22279434166667],"num":24}