{"location":[39.880223775000005,116.418989775],"num":4}