{"location":[65.7402256,29.059768833333333],"num":3}