{"location":[63.00283625,30.817996550000004],"num":2}