{"location":[60.543867142857145,29.77791021071429],"num":28}