{"location":[49.78963599090908,31.229189860606063],"num":33}