{"location":[45.965523021052626,29.20273891578947],"num":19}