{"location":[43.65979534,29.629566086666664],"num":15}