{"location":[37.5725081614035,30.477495141228065],"num":114}