{"location":[36.275639588999994,29.39400131099999],"num":100}