{"location":[-25.627140094,30.238165984],"num":50}