{"location":[-29.490913177777777,30.337998499999994],"num":9}