{"location":[56.62300599,61.21496622000001],"num":10}