{"location":[55.17744545,60.579813275],"num":4}