{"location":[39.18351832222223,-106.79561266666667],"num":9}