{"location":[36.4160532,-106.1985647],"num":1}