{"location":[35.83181403333334,-106.42110106666667],"num":3}