{"location":[31.811498083333333,-106.47381184999999],"num":6}