{"location":[39.51378113076923,31.241362492307694],"num":13}