{"location":[-25.4088393,30.9724624],"num":1}