{"location":[37.74573706666666,139.13843096666668],"num":3}