{"location":[35.56247766874999,138.59576608437496],"num":160}