{"location":[64.31525640000001,-21.84588565],"num":2}