{"location":[64.11145575,-21.7835989],"num":4}