{"location":[33.5581119,130.37602289999998],"num":3}