{"location":[-37.85966303913044,145.08874297826083],"num":23}