{"location":[31.1062159,102.8444872],"num":1}