{"location":[30.3475633,103.299059],"num":1}