{"location":[36.6802527,127.2876373],"num":1}