{"location":[36.3619752,127.3235954],"num":1}