{"location":[35.17011685,127.46580735],"num":2}