{"location":[26.6237304,127.92654947999999],"num":5}