{"location":[26.276334766666665,127.74669973333334],"num":3}