{"location":[49.56099338333333,-124.43852416666668],"num":6}