{"location":[-17.7570996,-63.1869791],"num":1}