{"location":[-28.095982966666668,153.42351943333333],"num":3}