{"location":[55.132752700000005,-2.50021948],"num":5}