{"location":[54.5770497,-2.4930688],"num":1}