{"location":[54.27001035,-2.7037445499999997],"num":2}