{"location":[54.023815199999994,-2.616793566666667],"num":6}