{"location":[53.4977225,-2.4217787181818182],"num":11}