{"location":[53.18099409999999,-2.5484036499999996],"num":6}