{"location":[52.78364905,-2.343556275],"num":4}