{"location":[52.27875025,-2.289113],"num":2}