{"location":[51.84728187499999,-2.5406286750000002],"num":4}