{"location":[51.47354757692308,-2.5301287923076923],"num":13}