{"location":[50.670132699999996,-2.6123634],"num":2}