{"location":[49.1997854,-2.2026874],"num":1}