{"location":[48.61699196,-2.4922872600000003],"num":5}