{"location":[48.1921172,-2.6229202],"num":1}