{"location":[47.71244714285714,-2.4953499142857143],"num":7}