{"location":[47.328155300000006,-2.4332062199999998],"num":5}