{"location":[43.213866599999996,-2.4478609875],"num":8}