{"location":[42.80171377857143,-2.270449257142857],"num":14}