{"location":[42.2784604,-2.5282928],"num":1}