{"location":[40.1045623,-2.2220042],"num":1}