{"location":[39.7839712,-2.1486505],"num":1}