{"location":[36.955067150000005,-2.3975678499999997],"num":2}