{"location":[36.12748604347826,-96.10647790869564],"num":23}