{"location":[33.82557528,-96.61445512],"num":5}