{"location":[32.954353733333335,-96.7972223],"num":3}