{"location":[43.72235904,-79.63363518000001],"num":5}