{"location":[43.37949105,-79.814406925],"num":4}