{"location":[42.1201397,-80.0915208],"num":1}