{"location":[41.2643907,-80.02282145000001],"num":2}