{"location":[40.4507129,-79.8958672],"num":1}