{"location":[40.41774375,-79.9547857],"num":2}