{"location":[37.5810671,-79.4718447],"num":1}