{"location":[36.0745615,-79.7879437],"num":1}