{"location":[36.0237942,-79.8757211],"num":1}