{"location":[35.4519083,-80.1310541],"num":1}