{"location":[32.7379647,-79.9660245],"num":1}