{"location":[26.9862421,-80.1386993],"num":1}