{"location":[26.171906,-80.1453592],"num":1}