{"location":[-2.1066998,-79.9122982],"num":1}