{"location":[-33.40454885,21.971902800000002],"num":4}