{"location":[70.0612909,22.1704746],"num":1}