{"location":[66.0337519,21.9472035],"num":1}