{"location":[63.060593925,21.77489820833333],"num":12}