{"location":[60.9442661,22.2825147],"num":2}