{"location":[60.51800248421054,21.69101623684211],"num":19}