{"location":[55.7146469,21.143408],"num":1}