{"location":[52.061294780000004,21.371784459999997],"num":5}