{"location":[51.166859275,21.493547475],"num":4}