{"location":[50.39282506153846,21.681577369230773],"num":13}