{"location":[49.65140720608106,21.75375689662162],"num":148}