{"location":[48.66457441666666,21.325775366666665],"num":6}