{"location":[45.57485113333333,21.43614203333333],"num":3}