{"location":[44.635186971428574,22.098751857142855],"num":7}