{"location":[43.3988478,21.888094433333332],"num":3}