{"location":[41.6930233,21.8117132],"num":4}