{"location":[40.3332729625,21.7931862875],"num":8}