{"location":[39.657949872727265,21.620942999999997],"num":22}