{"location":[38.366695455555565,21.84234542222222],"num":9}