{"location":[37.33731748,22.210951060000003],"num":5}