{"location":[-17.193088,177.1680864],"num":1}