{"location":[-37.95869277678571,175.51655847500004],"num":56}