{"location":[40.93780923808532,-116.16218496930304],"num":2883}