{"location":[26.86617375,99.90310363],"num":10}