{"location":[25.6493389,100.0531844],"num":1}