{"location":[13.6862309,100.4207758],"num":1}