{"location":[22.7315998,59.1620314],"num":1}