{"location":[55.211946,59.81197935],"num":2}