{"location":[70.6841219,23.7087442],"num":1}