{"location":[67.2269074142857,24.941154585714287],"num":14}