{"location":[66.24957839599999,25.163013688],"num":25}