{"location":[62.53827866333334,25.18420411],"num":30}