{"location":[60.522608265277796,24.960814926388892],"num":72}