{"location":[57.040753415789474,24.657994078947365],"num":19}