{"location":[53.853236009090914,25.923131424242424],"num":33}