{"location":[49.90020175263158,24.44847518947368],"num":19}