{"location":[46.10644944929578,24.42410681549296],"num":71}