{"location":[42.380107429411765,24.365930819607843],"num":51}