{"location":[37.558799081095906,24.78080100794522],"num":365}