{"location":[35.97528070357144,26.322872710714286],"num":28}