{"location":[-26.04195024,27.862048599999998],"num":5}