{"location":[-31.73726825,25.512803499999997],"num":4}