{"location":[-33.500334556,25.636976945999994],"num":50}