{"location":[59.60965476505259,9.848355801473689],"num":950}