{"location":[48.59893851547657,12.368656875525328],"num":33463}