{"location":[10.844973515151514,2.000467066666666],"num":33}