{"location":[-33.04177675462554,18.97689246211453],"num":227}