{"location":[33.88116253333333,-6.895275000000001],"num":3}