{"location":[55.2252205,-6.2123636],"num":5}