{"location":[54.32122421818181,-6.063688709090909],"num":11}