{"location":[53.8683866625,-6.361031925],"num":8}