{"location":[53.08998664782608,-6.258812917391304],"num":23}