{"location":[43.28066615294117,-5.9428878058823535],"num":17}