{"location":[42.3584268875,-5.965309587499999],"num":8}