{"location":[40.24107819,-6.272526614999999],"num":20}