{"location":[39.17066615,-6.65348595],"num":2}