{"location":[37.37114321666667,-6.006409333333333],"num":6}