{"location":[47.908239858354406,-119.60723665877408],"num":1191}