{"location":[36.221699131351365,-113.07217093561572],"num":1665}