{"location":[46.40075025714285,-65.93603705714284],"num":7}