{"location":[44.54933809560439,-63.668381532967025],"num":91}