{"location":[18.39705485,-66.0945047],"num":2}