{"location":[10.4227316,-66.8741148],"num":1}