{"location":[-18.606971100000003,-65.17925204000001],"num":5}