{"location":[28.30247263366336,-15.872891434653463],"num":101}