{"location":[68.81238490348836,20.57550912790697],"num":86}