{"location":[48.41303104232938,13.175427689223374],"num":36653}