{"location":[-30.98571393153638,23.4334784495957],"num":371}