{"location":[-41.2720486,173.2818869],"num":1}