{"location":[67.5555511,33.4241047],"num":1}