{"location":[45.1624525,33.2748728],"num":1}