{"location":[44.43953869999999,33.71677783333333],"num":3}