{"location":[35.16658305,33.35440365],"num":2}