{"location":[64.0954537,-21.0474787],"num":1}