{"location":[45.8115368,-75.8260634],"num":2}