{"location":[45.37247155,-75.82432785],"num":2}