{"location":[43.0525408,-75.4076107],"num":1}