{"location":[41.8198307,-75.3307454],"num":1}