{"location":[41.1196429,-75.3557059],"num":1}