{"location":[40.8914679,-75.76063375],"num":2}