{"location":[40.24048475,-75.63019645],"num":2}