{"location":[39.7691485,-75.5584039],"num":1}