{"location":[5.0578136,-75.4904425],"num":1}