{"location":[4.5519335,-75.6687271],"num":1}