{"location":[33.49771335,126.52184575],"num":2}