{"location":[43.0280026,131.8958454],"num":1}