{"location":[23.1063915,90.6789967],"num":2}