{"location":[-37.1022542,175.633685],"num":1}