{"location":[-37.4956174,175.7490994],"num":2}