{"location":[-38.134893094999995,175.487055525],"num":20}