{"location":[-39.19256245,175.58590064999999],"num":2}