{"location":[-39.4087353,175.3813877],"num":1}