{"location":[18.3657106,-66.1328376],"num":1}