{"location":[-17.3704153,-66.1613153],"num":1}