{"location":[48.1347599,-66.1141943],"num":1}