{"location":[10.68161525,122.84457885],"num":2}