{"location":[9.3072675,123.299081],"num":1}