{"location":[34.73065011666667,-98.62317621666666],"num":6}