{"location":[30.5059623,-98.8215085],"num":1}