{"location":[29.6036387,-98.5534721],"num":1}