{"location":[46.4689264,-80.9634517],"num":1}