{"location":[44.80148875,-81.2988105],"num":2}