{"location":[41.67631775,-81.34596915],"num":4}