{"location":[41.27171645,-81.51670275000001],"num":2}