{"location":[37.99693496,-81.08743652000001],"num":5}