{"location":[36.6300388,-81.5095787],"num":1}