{"location":[35.251519,-80.9605528],"num":3}