{"location":[31.980927,-81.0582019],"num":1}