{"location":[28.9520916,-81.5351955],"num":1}