{"location":[28.6188632,-81.3660611],"num":2}