{"location":[35.4901955,133.0942104],"num":2}