{"location":[34.5599681,133.3469434],"num":1}