{"location":[34.3741605,108.9079557],"num":1}