{"location":[33.941069299999995,109.12475446],"num":5}