{"location":[23.443836124999997,108.303069825],"num":4}