{"location":[-6.8719620125,107.6710206375],"num":8}