{"location":[35.98373,120.240939925],"num":4}