{"location":[30.3651838,119.94877833999999],"num":5}