{"location":[26.4422237,119.55021],"num":1}