{"location":[22.7681352,120.27102376666666],"num":3}