{"location":[16.1792497,120.54468715],"num":4}