{"location":[-3.29949005,114.58889305],"num":2}