{"location":[35.94851143333333,120.17667569999999],"num":3}