{"location":[30.378649,119.85301475],"num":4}