{"location":[23.011325,120.1900737],"num":1}