{"location":[44.32683907142857,-68.1894068],"num":7}