{"location":[-16.52492917,-68.07278833000001],"num":10}