{"location":[-54.750825,-68.192536],"num":1}