{"location":[34.404939266666666,132.5682533],"num":3}