{"location":[32.698981866666664,-16.779419899999997],"num":3}