{"location":[28.135302159722215,-16.279174205555563],"num":72}