{"location":[53.320712033333336,-114.99235283333333],"num":3}