{"location":[50.93348942173914,-115.49315769565222],"num":23}