{"location":[46.283647236363635,-116.34416716818181],"num":22}