{"location":[42.42322930937499,-114.15508738750002],"num":32}