{"location":[37.0832352,-114.50891750000001],"num":10}