{"location":[34.71014644274956,-116.21428301638413],"num":531}