{"location":[49.62668796666667,-125.08981376666668],"num":3}