{"location":[-43.56806082142858,171.1601238321429],"num":28}