{"location":[-45.8753869,170.501943],"num":1}