{"location":[56.009982,41.0626147],"num":1}