{"location":[43.83136626666666,41.025119933333336],"num":3}