{"location":[35.18782040000001,136.7345684],"num":4}