{"location":[40.606129041176466,116.77284661764708],"num":17}