{"location":[53.07499871666666,-9.408570983333334],"num":6}