{"location":[52.140474766666664,-9.569131666666667],"num":3}