{"location":[42.16293948,-8.719216886666668],"num":15}