{"location":[39.236354715384614,-9.156565315384615],"num":13}