{"location":[38.5455194459854,-9.180440691240875],"num":137}