{"location":[25.54828797203605,117.83591034742264],"num":776}