{"location":[-33.27803317112299,149.22986523315512],"num":374}