{"location":[69.73678712222221,18.520453616666668],"num":18}