{"location":[63.3968168,18.4206176],"num":1}