{"location":[62.9827521,18.4329735],"num":1}