{"location":[59.3355452,18.3481471],"num":2}