{"location":[54.391930011111114,18.585017933333333],"num":9}