{"location":[53.9707926,18.5350952],"num":1}