{"location":[53.4645676,18.7586382],"num":1}