{"location":[53.018671,18.5913944],"num":1}