{"location":[52.8879045,18.785723233333332],"num":3}