{"location":[51.9687177,18.7898061],"num":1}