{"location":[51.409993549999996,18.65051935],"num":2}