{"location":[50.39492758,18.872887279999997],"num":5}