{"location":[50.10307469333333,18.560740733333333],"num":15}