{"location":[49.62067453,18.74435768],"num":10}