{"location":[49.121124303225805,18.6017645032258],"num":31}