{"location":[48.68499613333333,18.6771195],"num":9}