{"location":[48.383770549999994,18.3954652],"num":2}