{"location":[47.69489381034484,18.5976657],"num":29}