{"location":[47.405568144444445,18.767311833333334],"num":9}