{"location":[43.8906332235294,18.440385411764705],"num":17}