{"location":[42.4191851,18.7744821],"num":1}