{"location":[40.086733699999996,18.4894114],"num":2}