{"location":[-32.14014183333333,18.96076945],"num":6}