{"location":[-34.05997827435896,18.433417870512823],"num":78}