{"location":[50.90819033333333,2.046254766666667],"num":3}