{"location":[50.34724944285714,2.7165259714285717],"num":7}