{"location":[49.08717768846154,2.407862915384615],"num":26}