{"location":[48.57549372643882,2.359277559352518],"num":556}