{"location":[47.77802787,1.9477845000000003],"num":10}