{"location":[46.52085128235294,1.9509695058823529],"num":17}