{"location":[45.28987273684211,2.0252148421052634],"num":19}