{"location":[44.49095217833333,1.9176234916666663],"num":60}