{"location":[43.611149896052645,1.6935439434210522],"num":76}