{"location":[42.61054662198582,1.8481339432624104],"num":141}