{"location":[41.535255574999965,2.018617775735294],"num":136}