{"location":[39.6647563263158,2.628631510526316],"num":38}