{"location":[59.1986143,39.8598039],"num":1}