{"location":[56.64712663333333,40.2809675],"num":3}