{"location":[47.60928355000001,41.075953425],"num":4}