{"location":[42.932061366666666,42.42147356527777],"num":72}