{"location":[40.52606504358973,44.660806566666665],"num":39}