{"location":[33.504150087499994,108.0149062],"num":8}