{"location":[25.512436241558447,107.534054787013],"num":77}