{"location":[18.90165996875,105.20959311874999],"num":48}