{"location":[2.990957795774647,103.61891549859156],"num":71}