{"location":[-6.598548356521739,108.58781856086958],"num":23}