{"location":[-36.319438125000005,174.80055],"num":4}