{"location":[-36.86793875454546,174.7593470090909],"num":11}