{"location":[-38.2608541,175.0275173],"num":1}