{"location":[-41.245239675,174.905168875],"num":4}