{"location":[-43.219249680000004,171.72311168],"num":10}