{"location":[29.007244226666664,-13.658669226666666],"num":15}