{"location":[28.2278557,-13.9912308],"num":1}