{"location":[21.366647450000002,-157.82973594999999],"num":2}