{"location":[56.85375522500001,60.39382481666667],"num":12}