{"location":[55.1416103,59.934339460000004],"num":5}