{"location":[37.2822719,58.681011],"num":2}