{"location":[32.8675359,59.1916034],"num":2}