{"location":[24.1186501,57.7627451],"num":2}