{"location":[34.03510491902438,-116.17672832926829],"num":205}