{"location":[51.108990666666664,-115.43388681666669],"num":6}