{"location":[45.76467295,-115.92884716666664],"num":12}