{"location":[43.613076533333334,-116.33816526666668],"num":3}