{"location":[27.716134999999998,85.30923436666666],"num":3}