{"location":[34.8979869,-99.3337237],"num":1}