{"location":[22.1067627,-99.1590721],"num":1}