{"location":[52.2491793,-113.7640824],"num":1}