{"location":[37.179688799999994,-113.6306356],"num":2}