{"location":[37.1028468,-113.5683366],"num":1}