{"location":[32.0713067,118.833736],"num":1}