{"location":[51.22769146,3.1705384800000003],"num":5}