{"location":[50.90025957499999,3.31566515],"num":4}