{"location":[50.60431381538462,3.165242746153846],"num":13}