{"location":[49.4214887,2.8298742],"num":1}