{"location":[48.99872025,3.2820139],"num":2}