{"location":[48.545552,3.146692],"num":2}