{"location":[48.326617999999996,2.83923025],"num":2}