{"location":[47.8879381,3.0891393],"num":1}