{"location":[47.49396415,3.5070785],"num":2}