{"location":[46.242511525000005,3.3027685750000004],"num":4}