{"location":[45.76894439166667,3.0773739583333337],"num":12}