{"location":[45.53822968666667,2.976433393333333],"num":15}