{"location":[44.85889093888889,3.1246753],"num":18}