{"location":[44.236306252631614,3.2397684684210524],"num":57}