{"location":[43.63606276734694,3.0866718142857135],"num":49}