{"location":[43.427530575,3.013152591666667],"num":12}