{"location":[42.719209660000004,2.9406163],"num":5}