{"location":[42.51177305,3.01637305],"num":2}