{"location":[39.62725737647059,3.1102794941176466],"num":17}