{"location":[39.32822996666666,3.1479611333333337],"num":3}