{"location":[17.45236171428571,104.91334105714286],"num":14}