{"location":[2.7957048,104.203273],"num":1}