{"location":[44.0387866,77.63311855],"num":2}