{"location":[39.4659296,75.9762377],"num":1}