{"location":[34.3782958,77.2817068],"num":1}