{"location":[32.229688925000005,77.190391375],"num":4}