{"location":[15.342161180000002,76.46205304],"num":5}