{"location":[12.953295383333334,77.61770251666667],"num":6}