{"location":[10.7021729,122.5451609],"num":1}