{"location":[32.781656925,35.354053925],"num":4}