{"location":[31.863441016666666,35.332132800000004],"num":6}