{"location":[31.2495451,35.5818108],"num":1}