{"location":[30.3197947,35.4490798],"num":1}