{"location":[29.569740514285712,35.42543237142857],"num":7}