{"location":[37.42098824999999,-118.49595334999997],"num":28}