{"location":[36.607517433333335,-118.1311818],"num":3}