{"location":[34.409566,-118.5088104],"num":1}