{"location":[67.0264953,27.2389521],"num":1}