{"location":[66.3653999,27.3222152],"num":1}