{"location":[61.3847098,27.2925829],"num":1}