{"location":[61.1864969,26.838418933333333],"num":3}