{"location":[58.0092322,26.9410946],"num":1}