{"location":[55.1535129,26.8513631],"num":1}