{"location":[53.4076712,27.3872845],"num":1}