{"location":[37.01190883749999,26.951931438333336],"num":120}