{"location":[-32.616134,26.991098],"num":1}