{"location":[28.529902212499998,77.18552875],"num":8}