{"location":[11.1783492,77.2112882],"num":1}