{"location":[63.32677375,12.05569405],"num":2}