{"location":[58.1148501,11.9796249],"num":1}