{"location":[57.75414868999998,12.063827275],"num":20}