{"location":[57.6917973,12.059614000000002],"num":3}