{"location":[56.29953716666666,12.459991033333333],"num":6}