{"location":[55.67186059047619,12.506322452380951],"num":21}