{"location":[55.2592693,11.9798922],"num":1}