{"location":[54.116607875,12.088922975],"num":4}