{"location":[51.8301848,12.2259623],"num":1}