{"location":[50.8482202,12.36831635],"num":2}