{"location":[50.44400394873949,12.39491532436975],"num":119}