{"location":[49.964345649999984,12.135498566666666],"num":18}