{"location":[49.7512002,12.1847925],"num":2}