{"location":[49.01219836875,12.003677106250002],"num":16}