{"location":[48.70339164285714,12.391945014285714],"num":7}