{"location":[48.17094422857143,12.3819028],"num":7}