{"location":[47.654031805479455,12.315624163698628],"num":146}