{"location":[47.255956488,12.314627212],"num":25}