{"location":[46.757989677142874,12.267672545714284],"num":35}