{"location":[45.905295855555565,12.299309800000001],"num":18}