{"location":[45.45792725,12.2796284],"num":2}