{"location":[44.19221051999999,12.09927738],"num":5}