{"location":[43.76656681764705,12.425079829411763],"num":17}