{"location":[43.329785924999996,12.445882125],"num":4}