{"location":[42.65506492857143,12.413177514285715],"num":7}