{"location":[42.397452958536576,12.29657781707317],"num":41}