{"location":[25.2550296,110.3036335],"num":1}