{"location":[-7.85786,110.1565993],"num":1}