{"location":[41.88567474285714,-87.64592491428571],"num":7}