{"location":[30.723017171428573,120.04446267142859],"num":7}