{"location":[29.0622899,120.71971260000001],"num":2}