{"location":[25.49938955,120.15165305],"num":2}