{"location":[17.0811251,120.9052288],"num":1}