{"location":[15.909168639999999,120.49137265999998],"num":5}