{"location":[35.808918581818176,-106.1060997909091],"num":11}