{"location":[35.11741391666666,-106.54672021666666],"num":6}