{"location":[40.31305631764705,-105.54257264117646],"num":68}