{"location":[39.22508929,-106.71964620000001],"num":10}