{"location":[42.85809554,-83.4126083],"num":5}