{"location":[42.382811075,-83.138888575],"num":4}