{"location":[41.3794613,-83.6319388],"num":1}