{"location":[40.0459064,-83.0172295],"num":2}