{"location":[37.828068443145135,-83.62897664697584],"num":496}