{"location":[37.716954433333335,-83.64221063333333],"num":3}