{"location":[33.953470249999995,-83.3792517],"num":2}