{"location":[-36.987951571428574,144.30156508571432],"num":7}