{"location":[-37.4553944,144.42597956],"num":5}