{"location":[-37.944542436363626,144.47248397272725],"num":11}